{
    "76": 0.04384511442604499,
    "58": 0.15646111717432104,
    "10": 0.3776000536311862,
    "26": 0.18340235214948367,
    "57": 0.19867939627920136,
    "3": 0.3247599984695525,
    "81": 0.010000000000000005,
    "20": 0.027228205000443,
    "33": 0.011966588108759037,
    "50": 0.018282828886392214,
    "4": 0.16178330448462888,
    "47": 0.010000022572863186,
    "61": 0.19531907210273525,
    "67": 0.03899752291012166,
    "88": 0.3709565744157903,
    "53": 0.03564876288847076,
    "42": 0.01000207013676398,
    "83": 0.5523464952911442,
    "34": 0.1533971236008046,
    "13": 0.2919488806775904,
    "43": 0.034064526647654754,
    "90": 0.2520547015606092,
    "22": 0.41975175107629153,
    "49": 0.010519394738499515,
    "11": 0.2689584784551083,
    "15": 0.34143995183963854,
    "62": 0.020327867368208376,
    "25": 0.010000000000008263,
    "65": 0.010000000000000004,
    "51": 0.05281610342985565,
    "84": 0.016335391878478697,
    "99": 0.2500800825759078,
    "37": 0.018705865559247376,
    "72": 0.010361237531585122,
    "46": 0.010000000158071218,
    "21": 0.010003704292451397,
    "2": 0.08745960621083065,
    "6": 0.36887357022110256,
    "79": 0.010026826093341141,
    "30": 0.010102609937974266,
    "63": 0.10894059300676648,
    "87": 0.29993331025487024,
    "28": 0.07268341221610014,
    "24": 0.1728155456217786,
    "95": 0.12288412039083212,
    "5": 0.010005614298549775,
    "35": 0.14227692764804614,
    "48": 0.010189032336702828,
    "39": 0.010000000000000004,
    "77": 0.02100629150575182,
    "74": 0.03865023401697245,
    "7": 0.02339788067716656,
    "8": 0.010005381442305823,
    "23": 0.010000000000000004,
    "66": 0.010000005883794898,
    "68": 0.01016270166162165,
    "29": 0.014495460324324229,
    "80": 0.010686320828075047,
    "52": 0.0417943630354362,
    "91": 0.02992133505087673,
    "59": 0.0323517020623789,
    "86": 0.09819829744404417,
    "1": 0.4860645630248549,
    "92": 0.01110741119157675,
    "82": 0.5162098749468709,
    "89": 0.20217765455847697,
    "14": 0.5716188608723096,
    "38": 0.01000000000000148,
    "12": 0.3423804981679558,
    "40": 0.010000000213052005,
    "69": 0.11688916295456045,
    "85": 0.029463485832057774,
    "18": 0.01000950295044712,
    "16": 0.3409941971621226,
    "70": 0.04111151559372974,
    "41": 0.012443582848706156,
    "98": 0.07989886891708006,
    "60": 0.025102980162106377,
    "78": 0.010031183543437688,
    "19": 0.2550793487618447,
    "45": 0.39477590787425076,
    "96": 0.023786989032092705,
    "93": 0.050048097355094315,
    "0": 0.44449529127522236,
    "17": 0.01000000001659523,
    "71": 0.010000000000000004,
    "36": 0.41971516830290334,
    "27": 0.10497033567293747,
    "54": 0.035210639810292634,
    "97": 0.4771454529610757,
    "94": 0.2615069873813145,
    "56": 0.195927689650182,
    "31": 0.019255181998911398,
    "32": 0.010211933892080992,
    "44": 0.03624751997339088,
    "64": 0.14564726780328255,
    "9": 0.46553666505549257,
    "73": 0.06053908419954023,
    "55": 0.010000000000000004,
    "75": 0.01000000065589677,
    "124": 0.5866378286071284,
    "121": 0.015865503050577257,
    "117": 0.010056935024436798,
    "122": 0.012559753761852772,
    "109": 0.523357435400758,
    "120": 0.013507881203735925,
    "118": 0.010000000000000004,
    "123": 0.13877278800789128,
    "106": 0.010000000125442545,
    "119": 0.25780202715962913,
    "104": 0.15222631392141575,
    "113": 0.07453931473597006,
    "102": 0.24598270081823576,
    "158": 0.06040319295746095,
    "132": 0.4977478824587916,
    "135": 0.2605787896517771,
    "166": 0.010152744544333896,
    "151": 0.47518896502853064,
    "190": 0.1310937470101733,
    "154": 0.011385444806031665,
    "181": 0.04035353347008807,
    "153": 0.010150084907820085,
    "185": 0.033059046860734555,
    "107": 0.010000058967457374,
    "175": 0.10527524213960737,
    "148": 0.05518895011866752,
    "168": 0.04618221663367795,
    "140": 0.010000000000000004,
    "150": 0.17682352277168314,
    "143": 0.055753199722685665,
    "100": 0.04192525768212563,
    "125": 0.13765365971263807,
    "105": 0.043534415355670715,
    "147": 0.06195395750427098,
    "112": 0.010021819011230714,
    "192": 0.5181602691453832,
    "133": 0.010000006334188162,
    "108": 0.26833941643250725,
    "136": 0.010000000004696169,
    "177": 0.2568413723320953,
    "127": 0.10539737986653469,
    "111": 0.3038247151070405,
    "191": 0.010000000254385901,
    "180": 0.022757335079228135,
    "162": 0.10503222773172179,
    "141": 0.027215563758850637,
    "101": 0.16382817386337012,
    "176": 0.010000000000000004,
    "114": 0.26985849147859875,
    "169": 0.01410159647017972,
    "161": 0.010000007310647156,
    "174": 0.0791254517478981,
    "155": 0.018635541861306015,
    "172": 0.32235664105993594,
    "138": 0.1655740023068005,
    "142": 0.15655131905143505,
    "137": 0.12015851382301795,
    "171": 0.043649714860385574,
    "157": 0.21992858883414038,
    "163": 0.010022926560328656,
    "159": 0.1577176871452848,
    "152": 0.22540891562758505,
    "170": 0.01000000000141576,
    "115": 0.07329416050900163,
    "184": 0.405098704864755,
    "116": 0.02929483524281935,
    "130": 0.31616990259902344,
    "129": 0.2818115408075925,
    "186": 0.5339502298810805,
    "165": 0.010043726837653635,
    "173": 0.014526889399718626,
    "156": 0.07000482605799528,
    "164": 0.019735399652701803,
    "202": 0.010198775633964019,
    "198": 0.10786027460529156,
    "194": 0.010000064947628468,
    "183": 0.36157910121459047,
    "160": 0.1193445004235691,
    "131": 0.010156434818150923,
    "201": 0.052831261813340996,
    "195": 0.0101557037213761,
    "144": 0.4148671348835192,
    "203": 0.1356482464638736,
    "189": 0.016972116589215328,
    "196": 0.010000008658769452,
    "110": 0.3703951712331999,
    "145": 0.5264647126436619,
    "134": 0.5237462144997347,
    "178": 0.368841136341141,
    "197": 0.4808235065677684,
    "149": 0.05311405843545601,
    "200": 0.02218606760895745,
    "146": 0.1545170453870685,
    "193": 0.16258460929328725,
    "188": 0.010235188181123676,
    "126": 0.010003542909689368,
    "167": 0.010320540838806182,
    "128": 0.3385546635017118,
    "103": 0.11670054881711855,
    "139": 0.3659478080317166,
    "182": 0.13944472964734017,
    "187": 0.01000143347863877,
    "353": 0.010032363322979675,
    "328": 0.23619420940910607,
    "503": 0.027222416082787027,
    "296": 0.08447495934676995,
    "368": 0.3124567785077561,
    "248": 0.061644547477100575,
    "361": 0.015864128246748356,
    "247": 0.41855292265854244,
    "531": 0.010000000000014457,
    "454": 0.36389052277002837,
    "385": 0.09016603457195967,
    "246": 0.010000000770562347,
    "483": 0.6157091238954392,
    "357": 0.4865712579641891,
    "281": 0.010000078848821106,
    "308": 0.01000000020992236,
    "613": 0.49409642832499123,
    "448": 0.010000305694135502,
    "522": 0.29520944327096504,
    "421": 0.19462678003949546,
    "355": 0.010000000000000004,
    "588": 0.16076315696956345,
    "458": 0.20773434167112897,
    "469": 0.01000000104359603,
    "500": 0.010000321242934656,
    "253": 0.029991060249929126,
    "321": 0.33708155534150663,
    "430": 0.1735614039192165,
    "450": 0.07805552720231552,
    "467": 0.11326707033609336,
    "317": 0.010000238193124534,
    "554": 0.010000000000000004,
    "243": 0.10971363977382774,
    "619": 0.010505644874410145,
    "334": 0.05058905723759283,
    "260": 0.01528436622147489,
    "428": 0.13789359781125238,
    "264": 0.4176546707956051,
    "346": 0.17218102439502944,
    "258": 0.022617255908615103,
    "266": 0.2269529267700484,
    "336": 0.22341762934442752,
    "532": 0.03181642965184579,
    "359": 0.5002769435119172,
    "272": 0.25478143120218577,
    "280": 0.012602070710630811,
    "444": 0.010755152768240092,
    "370": 0.012179151155614904,
    "351": 0.010000002598640806,
    "456": 0.01014393669267848,