{
    "76": 0.23306719448010382,
    "58": 0.6351640975631044,
    "10": 0.5247423160167585,
    "26": 0.3036168394621573,
    "57": 0.24810852373092568,
    "3": 0.557945400389022,
    "81": 0.1614612795334968,
    "20": 0.5093947734776061,
    "33": 0.377586099968275,
    "50": 0.24308709589330618,
    "4": 0.6802114264360494,
    "47": 0.14116953280537817,
    "61": 0.10013692905562122,
    "67": 0.12013929968975837,
    "88": 0.5191192366375869,
    "53": 0.028006726377097595,
    "42": 0.010601424274699551,
    "83": 0.5580929091236915,
    "34": 0.5159352451879737,
    "13": 0.6254015455974007,
    "43": 0.27903938499283126,
    "90": 0.7670965033612217,
    "22": 0.5408380204736511,
    "49": 0.1795620612238216,
    "11": 0.6402697721680574,
    "15": 0.289599412020156,
    "62": 0.13576772303843085,
    "25": 0.3377102929966109,
    "65": 0.05643396551862262,
    "51": 0.4129392301732444,
    "84": 0.40132274217567526,
    "99": 0.5588113587118182,
    "37": 0.41150622444556006,
    "72": 0.01997273442050747,
    "46": 0.0208642128616384,
    "21": 0.14891058418353847,
    "2": 0.7207650604880521,
    "6": 0.5517024491620384,
    "79": 0.13613720441925406,
    "30": 0.011945972911347724,
    "63": 0.49092513597924115,
    "87": 0.5079062110227915,
    "28": 0.40527243121092654,
    "24": 0.5818720053473969,
    "95": 0.3598090098547442,
    "5": 0.14207896327030262,
    "35": 0.38772004124547266,
    "48": 0.1359805384813495,
    "39": 0.010000287293011799,
    "77": 0.12898649591670613,
    "74": 0.25539201834104136,
    "7": 0.496206500584864,
    "8": 0.10322882545502374,
    "23": 0.030515210514274905,
    "66": 0.010000266428913888,
    "68": 0.6062869315014395,
    "29": 0.5445157750766646,
    "80": 0.4312049308737715,
    "52": 0.5168894350889786,
    "91": 0.4168079198722168,
    "59": 0.0953514272589506,
    "86": 0.09819829744404417,
    "1": 0.32700028453143914,
    "92": 0.762727365889357,
    "82": 0.5228621072429985,
    "89": 0.6403836532711342,
    "14": 0.5287865346177842,
    "38": 0.07515247090996152,
    "12": 0.7507057393069859,
    "40": 0.09130396177757978,
    "69": 0.30483906094215907,
    "85": 0.42928281178676736,
    "18": 0.318444663781515,
    "16": 0.5665903317261276,
    "70": 0.6430225667776842,
    "41": 0.15176111936569214,
    "98": 0.2591713449109698,
    "60": 0.11108425244556255,
    "78": 0.22349819819341324,
    "19": 0.5870298293957417,
    "45": 0.7561125321276614,
    "96": 0.48834810299330583,
    "93": 0.5564917715779664,
    "0": 0.5450741062089856,
    "17": 0.18227457749938156,
    "71": 0.017035340699932847,
    "36": 0.47029829131195433,
    "27": 0.2403623376257507,
    "54": 0.13594401772446515,
    "97": 0.6163781147982672,
    "94": 0.12186772614270079,
    "56": 0.17529307521835644,
    "31": 0.18764986486117077,
    "32": 0.5277307707092642,
    "44": 0.14054754763699037,
    "64": 0.4510827397734025,
    "9": 0.3627914875212669,
    "73": 0.21089558823563842,
    "55": 0.013762875026112838,
    "75": 0.08300271317768458,
    "124": 0.6365722509047175,
    "121": 0.6610377447830716,
    "117": 0.01288419288045903,
    "122": 0.13790099294812164,
    "109": 0.4487015673072123,
    "120": 0.16028529323214777,
    "118": 0.010015271816703347,
    "123": 0.012754513602131453,
    "106": 0.11307825897925436,
    "119": 0.31531438904606623,
    "104": 0.15583295480439976,
    "113": 0.2711253117377313,
    "102": 0.5701904916392755,
    "158": 0.022996356955987642,
    "132": 0.5611476251761015,
    "135": 0.47184015856287176,
    "166": 0.010049536430659499,
    "151": 0.5980600201673164,
    "190": 0.49545910634539525,
    "154": 0.47911269921119004,
    "181": 0.05822486127806358,
    "153": 0.1923051355284058,
    "185": 0.2964746573114261,
    "107": 0.01,
    "175": 0.3955702586614044,
    "148": 0.2896651210259938,
    "168": 0.5477873653583066,
    "140": 0.01746900661049687,
    "150": 0.5942567045113729,
    "143": 0.46660875448992317,
    "100": 0.011018909141660429,
    "125": 0.28238852742685994,
    "105": 0.12985830418344804,
    "147": 0.34758434810187044,
    "112": 0.16574127017655865,
    "192": 0.49953010523781644,
    "133": 0.07488139757468665,
    "108": 0.19171530069838785,
    "136": 0.14503940329850504,
    "177": 0.4966140384438282,
    "127": 0.4644194603936534,
    "111": 0.5556359018885604,
    "191": 0.15093161944594058,
    "180": 0.010004716546441226,
    "162": 0.10365997001710878,
    "141": 0.14935309072697517,
    "101": 0.21329288039355418,
    "176": 0.23107148917940215,
    "114": 0.5140163554919546,
    "169": 0.01944212533454389,
    "161": 0.04904967988305241,
    "174": 0.010090748956161378,
    "155": 0.18181966997809473,
    "172": 0.4441371573250572,
    "138": 0.13092223262461772,
    "142": 0.4011820516825522,
    "137": 0.23708012792090252,
    "171": 0.3254716226156206,
    "157": 0.41953271423142485,
    "163": 0.010000709272894743,
    "159": 0.1427280720765538,
    "152": 0.2889514892824126,
    "170": 0.23482543101021383,
    "115": 0.6852727174208543,
    "184": 0.5593176872149603,
    "116": 0.3702392973585871,
    "130": 0.6284736894128983,
    "129": 0.561669999465459,
    "186": 0.5107090387976261,
    "165": 0.010083927620953803,
    "173": 0.5581731217907184,
    "156": 0.05399239887117258,
    "164": 0.568644517914392,
    "202": 0.1497988053010725,
    "198": 0.3212134853658591,
    "194": 0.05564100597048355,
    "183": 0.6806170749387047,
    "160": 0.6363424090315181,
    "131": 0.017627817148532163,
    "201": 0.3018577951264894,
    "195": 0.010000000000000002,
    "144": 0.5888345205855132,
    "203": 0.45200804778596226,
    "189": 0.7034981514617977,
    "196": 0.023334684325847132,
    "110": 0.4277862580270282,
    "145": 0.5675317563415696,
    "134": 0.31174873387851776,
    "178": 0.4877340705521159,
    "197": 0.12362394711670564,
    "149": 0.35688804460603873,
    "200": 0.2998201820273226,
    "146": 0.30667697629591395,
    "193": 0.11749630432621087,
    "188": 0.26014393385863854,
    "126": 0.31923240749014314,
    "167": 0.07350869811787662,
    "128": 0.16143885370351216,
    "103": 0.13421981754112705,
    "139": 0.4292839886984779,
    "182": 0.32618259327038635,
    "187": 0.4378576626089807,
    "353": 0.2263735670554525,
    "328": 0.6707473806336165,
    "503": 0.15704679091240853,
    "296": 0.11859574485930746,
    "368": 0.3503429603377202,
    "248": 0.6467388692055466,
    "361": 0.03412796420946839,
    "247": 0.560951337309056,
    "531": 0.010041178733939372,
    "454": 0.6604190269502576,
    "385": 0.5348100149207464,
    "246": 0.0384961129992373,
    "483": 0.592858621756528,
    "357": 0.4841753606351913,
    "281": 0.5190938944059859,
    "308": 0.3729041723933694,
    "613": 0.7753600652837045,
    "448": 0.1890939750992773,
    "522": 0.16338151555117664,
    "421": 0.4245247528401598,
    "355": 0.20232310130409614,
    "588": 0.3843518935598352,
    "458": 0.5443379504791552,
    "469": 0.3988311708115905,
    "500": 0.10800404270115717,
    "253": 0.3374335703317784,
    "321": 0.46959193338327077,
    "430": 0.19873268957136112,
    "450": 0.5104932089160099,
    "467": 0.6286878450471446,
    "317": 0.39819168443479286,
    "554": 0.010000050832085342,
    "243": 0.3201448489756052,
    "619": 0.08986536869994108,
    "334": 0.06972010066449705,
    "260": 0.10492065523038815,
    "428": 0.2797626697641194,
    "264": 0.6017815747336879,
    "346": 0.5697332109155105,
    "258": 0.010025947378734242,
    "266": 0.3598638608925779,
    "336": 0.5958003323841381,
    "532": 0.23844802500419748,
    "359": 0.5617880946981696,
    "272": 0.570918457137661,
    "280": 0.014373447501651789,
    "444": 0.012997547312759827,
    "370": 0.20524140597614815,
    "351": 0.06335270373604868,
    "456": 0.5415536814535795,
    "393": 0.5260701740231214,
    "576": 0.010469145648643123,
    "589": 0.010005555484144729,
    "389": 0.4290804927433707,
    "459": 0.4706773538740619,