{
    "76": 0.01,
    "58": 0.3513216461337696,
    "10": 0.010000000048482754,
    "26": 0.01003562788215289,
    "57": 0.020474521932186414,
    "3": 0.010002839548792521,
    "81": 0.01,
    "20": 0.010004095840207214,
    "33": 0.010988531870779998,
    "50": 0.010000000000000038,
    "4": 0.012765870507631711,
    "47": 0.010000003427700136,
    "61": 0.017636749835252798,
    "67": 0.010000000000304612,
    "88": 0.22914323681244167,
    "53": 0.010562512991707544,
    "42": 0.01,
    "83": 0.4381968049047473,
    "34": 0.024958621621918826,
    "13": 0.010000058178360562,
    "43": 0.010000000000077534,
    "90": 0.010027335492909186,
    "22": 0.07617406303268494,
    "49": 0.010000000009634299,
    "11": 0.010173759850272057,
    "15": 0.010018943749751276,
    "62": 0.010000000000000002,
    "25": 0.010000002227896166,
    "65": 0.01,
    "51": 0.010018998631484699,
    "84": 0.010000007651987648,
    "99": 0.029909015587450433,
    "37": 0.010005545514041087,
    "72": 0.01000003655935697,
    "46": 0.01,
    "21": 0.010000000007649824,
    "2": 0.010106027558547701,
    "6": 0.2137084764716183,
    "79": 0.0100000014380468,
    "30": 0.01,
    "63": 0.010002500551376812,
    "87": 0.01001400953177354,
    "28": 0.2320738396283054,
    "24": 0.010107485302381872,
    "95": 0.010000000020369517,
    "5": 0.010002299906090292,
    "35": 0.4122315332189431,
    "48": 0.010000000001386454,
    "39": 0.010052611532353187,
    "77": 0.01001177603684687,
    "74": 0.010000114773411808,
    "7": 0.010012258171899184,
    "8": 0.010000000000000004,
    "23": 0.01,
    "66": 0.03594547612342794,
    "68": 0.010000000464017434,
    "29": 0.010000107942195238,
    "80": 0.010000000009141991,
    "52": 0.010369891210830316,
    "91": 0.010000000000009852,
    "59": 0.010000000000004538,
    "86": 0.09819829744404417,
    "1": 0.1270279882743649,
    "92": 0.2971282002702095,
    "82": 0.010015282989441918,
    "89": 0.010034213756180327,
    "14": 0.22656117755306465,
    "38": 0.01,
    "12": 0.010001701575684389,
    "40": 0.01,
    "69": 0.010057729031381211,
    "85": 0.02717621121421369,
    "18": 0.010000000002449336,
    "16": 0.010002742776463978,
    "70": 0.3144070349054896,
    "41": 0.01,
    "98": 0.010000000070552684,
    "60": 0.01,
    "78": 0.4855721155541821,
    "19": 0.01266279959605101,
    "45": 0.1826967513495668,
    "96": 0.02370909361605397,
    "93": 0.010000000000068322,
    "0": 0.010014918907994984,
    "17": 0.01,
    "71": 0.01,
    "36": 0.013139936047362629,
    "27": 0.02881208387376518,
    "54": 0.01000011577642818,
    "97": 0.010395056662807343,
    "94": 0.010416618120883356,
    "56": 0.04234316151688573,
    "31": 0.010000000000000002,
    "32": 0.01,
    "44": 0.010000000000000004,
    "64": 0.05107586202131021,
    "9": 0.5267579907976654,
    "73": 0.06541802880778048,
    "55": 0.01,
    "75": 0.010000196317743983,
    "124": 0.01002297372024548,
    "121": 0.010000000000000816,
    "117": 0.01,
    "122": 0.010000000000000002,
    "109": 0.012175930196774837,
    "120": 0.01,
    "118": 0.01,
    "123": 0.010000193263939578,
    "106": 0.01,
    "119": 0.010000388351147853,
    "104": 0.1716697768037627,
    "113": 0.014259230737883702,
    "102": 0.4406623438324505,
    "158": 0.010000001548589144,
    "132": 0.015168018448027714,
    "135": 0.01002641591779597,
    "166": 0.010000000037513366,
    "151": 0.010000000226732995,
    "190": 0.010005923222305776,
    "154": 0.010000000000000002,
    "181": 0.012143647016937716,
    "153": 0.010047150793611055,
    "185": 0.01126247272309518,
    "107": 0.01,
    "175": 0.010000000001409486,
    "148": 0.016738505240052545,
    "168": 0.010000000065568213,
    "140": 0.01,
    "150": 0.010277278997321242,
    "143": 0.010001027628977746,
    "100": 0.010000000352353851,
    "125": 0.010000000424253332,
    "105": 0.010000000000010147,
    "147": 0.010987471583814199,
    "112": 0.01,
    "192": 0.25992475181008917,
    "133": 0.010000000000000044,
    "108": 0.01,
    "136": 0.010000076227285689,
    "177": 0.010000000019533625,
    "127": 0.042390469311262315,
    "111": 0.3611861365694607,
    "191": 0.010000000000000002,
    "180": 0.01,
    "162": 0.010000149835326575,
    "141": 0.13218654502297106,
    "101": 0.014663037794282888,
    "176": 0.01,
    "114": 0.010006216599774355,
    "169": 0.012268857305266499,
    "161": 0.01,
    "174": 0.010000000000000004,
    "155": 0.012843017298145624,
    "172": 0.013067589363466416,
    "138": 0.010000000003539155,
    "142": 0.010000000719170813,
    "137": 0.010000076395748252,
    "171": 0.010028345637212423,
    "157": 0.08596355651850764,
    "163": 0.01,
    "159": 0.010000000928962796,
    "152": 0.023498741497932928,
    "170": 0.01,
    "115": 0.085582043467155,
    "184": 0.06185269412087969,
    "116": 0.010010142058234937,
    "130": 0.27240026336161177,
    "129": 0.3214434739042994,
    "186": 0.14359838539220043,
    "165": 0.01,
    "173": 0.010000043495458627,
    "156": 0.010000000000000002,
    "164": 0.17011058250191474,
    "202": 0.010000000000400484,
    "198": 0.010000000000000142,
    "194": 0.010000000100016148,
    "183": 0.013123038186727394,
    "160": 0.010164940831082353,
    "131": 0.01,
    "201": 0.010000000000000002,
    "195": 0.010000000000000436,
    "144": 0.07047339095339142,
    "203": 0.016000703321519944,
    "189": 0.01000027897910645,
    "196": 0.01,
    "110": 0.36409583579273924,
    "145": 0.012798391867125778,
    "134": 0.024324286328915923,
    "178": 0.010001036299518398,
    "197": 0.5734492114858685,
    "149": 0.010000993150055827,
    "200": 0.010009074586371828,
    "146": 0.010369378518493198,
    "193": 0.01,
    "188": 0.01000000000000008,
    "126": 0.010000000899974,
    "167": 0.01,
    "128": 0.010000564279363378,
    "103": 0.010000000000000004,
    "139": 0.010046684265723412,
    "182": 0.010001076554149859,
    "187": 0.13193754375290145,
    "353": 0.01012864920596953,
    "328": 0.010190909195267661,
    "503": 0.0724846619752945,
    "296": 0.01036911288011707,
    "368": 0.06397679682944464,
    "248": 0.010000000000045786,
    "361": 0.010000000000000004,
    "247": 0.010149071901502382,
    "531": 0.01,
    "454": 0.7607141389557894,
    "385": 0.010012587912148712,
    "246": 0.025511349442932377,
    "483": 0.19358927528652373,
    "357": 0.010038350820216138,
    "281": 0.010000000036104878,
    "308": 0.01,
    "613": 0.0727453085845209,
    "448": 0.01,
    "522": 0.010024694332967318,
    "421": 0.011842359969630185,
    "355": 0.01000005947948128,
    "588": 0.0223414114987332,
    "458": 0.12650036317311197,
    "469": 0.01,
    "500": 0.01,
    "253": 0.06183198718749328,
    "321": 0.010001633110256066,
    "430": 0.05032455200298414,
    "450": 0.3119203894833765,
    "467": 0.010000068587591792,
    "317": 0.01,
    "554": 0.01,
    "243": 0.07263588723198582,
    "619": 0.01,
    "334": 0.01,
    "260": 0.01000000369845975,
    "428": 0.01000000052297874,
    "264": 0.010688022431235233,
    "346": 0.09312125853924832,
    "258": 0.01,
    "266": 0.010004703239321655,
    "336": 0.01013336361673522,
    "532": 0.01,
    "359": 0.010005006004532588,
    "272": 0.010001957805990296,
    "280": 0.01,
    "444": 0.01,
    "370": 0.01,
    "351": 0.01,
    "456": 0.010000000014025723,
    "393": 0.010000206611788938,
    "576": 0.010000000000000012,
    "589": 0.01,
    "389": 0.010437184472938529,
    "459": 0.01225460633141592,
    "488": 0.23062175336627216,
    "440": 0.010000000000000004,
    "502": 0.010000000345267846,
    "566": 0.01001079064105868,
    "379": 0.013176375872144097,
    "276": 0.010107244760123162,
    "398": 0.010000000000000002,
    "490": 0.010002583485249184,
    "516": 0.01,
    "306": 0.01002042399840866,
    "222": 0.01000059294475767,
    "538": 0.010058280373685603,
    "552": 0.010000018737007173,
    "486": 0.010000000144368169,
    "214": 0.389289202785967,
    "553": 0.01000000000000031,