{
    "76": 0.2885275443635339,
    "58": 0.6705068688627768,
    "10": 0.36650079568876753,
    "26": 0.10537216779013633,
    "57": 0.7004917408620192,
    "3": 0.7950585335308049,
    "81": 0.2185168041107243,
    "20": 0.6341786118171442,
    "33": 0.43551815645972963,
    "50": 0.5344189584770042,
    "4": 0.585636634650205,
    "47": 0.4001779739990446,
    "61": 0.022108856306623046,
    "67": 0.7135472581496639,
    "88": 0.7365440634442536,
    "53": 0.03507441078541326,
    "42": 0.010144962261489938,
    "83": 0.8156193335095218,
    "34": 0.7492330797725529,
    "13": 0.7529636813767605,
    "43": 0.04204241771756069,
    "90": 0.7710692929032219,
    "22": 0.31958906114529184,
    "49": 0.40764691263731784,
    "11": 0.6265058064011966,
    "15": 0.27699498775832254,
    "62": 0.0819840917326188,
    "25": 0.28539292375629155,
    "65": 0.014491639145875895,
    "51": 0.0993510075573283,
    "84": 0.4241196460908621,
    "99": 0.7342388267184853,
    "37": 0.7893374126391552,
    "72": 0.034011715243399764,
    "46": 0.01121238246407772,
    "21": 0.5126521383406268,
    "2": 0.5253851523441719,
    "6": 0.7304821054491268,
    "79": 0.1040839185840888,
    "30": 0.010481243825473125,
    "63": 0.5665050815199366,
    "87": 0.659316912052673,
    "28": 0.7148683804634066,
    "24": 0.3896940551806033,
    "95": 0.6707669058536538,
    "5": 0.06878051857525894,
    "35": 0.5477329333355296,
    "48": 0.7220770149651617,
    "39": 0.4025777925064796,
    "77": 0.09243523397522885,
    "74": 0.21307521580101801,
    "7": 0.5759183815862144,
    "8": 0.17790752462812626,
    "23": 0.20048058699433718,
    "66": 0.5878224431834596,
    "68": 0.5540832090090803,
    "29": 0.45678406757157075,
    "80": 0.524267912987947,
    "52": 0.6737190702318646,
    "91": 0.4256500657053837,
    "59": 0.02916782084521796,
    "86": 0.09819829744404417,
    "1": 0.6833830945673294,
    "92": 0.44095869890662115,
    "82": 0.6907602537015902,
    "89": 0.4687315887566029,
    "14": 0.3593931240443017,
    "38": 0.20273187761687028,
    "12": 0.7164328921176364,
    "40": 0.17189145873328612,
    "69": 0.3775820492885086,
    "85": 0.2152505398326395,
    "18": 0.43849964779322925,
    "16": 0.43686775423791074,
    "70": 0.6678565298591755,
    "41": 0.03395074440010989,
    "98": 0.09731667891062727,
    "60": 0.18963064558350767,
    "78": 0.2024639070512398,
    "19": 0.7257248116982569,
    "45": 0.4879602089098238,
    "96": 0.6294571702212404,
    "93": 0.4555662874680946,
    "0": 0.3904458072165431,
    "17": 0.12640239177489265,
    "71": 0.32165523713457417,
    "36": 0.5810871474458689,
    "27": 0.36064836624139296,
    "54": 0.3313263400906158,
    "97": 0.5643139901509784,
    "94": 0.48890072338408014,
    "56": 0.7522353466969905,
    "31": 0.5609120738631264,
    "32": 0.061693014074025214,
    "44": 0.1702510313660789,
    "64": 0.36532628113048704,
    "9": 0.6488120979113187,
    "73": 0.5389432390155038,
    "55": 0.18641656841888485,
    "75": 0.6061654822057048,
    "124": 0.6008721925836338,
    "121": 0.3890423352241668,
    "117": 0.010263941895280553,
    "122": 0.10978287058050824,
    "109": 0.7207241388996265,
    "120": 0.14474867787101725,
    "118": 0.010000610569709616,
    "123": 0.05122716570964664,
    "106": 0.023019129976677433,
    "119": 0.5192224201061268,
    "104": 0.5308374371149391,
    "113": 0.27876534700654276,
    "102": 0.7092878068020695,
    "158": 0.6333336102304061,
    "132": 0.700857328468178,
    "135": 0.6069556672232003,
    "166": 0.010000928766375844,
    "151": 0.5811412495356838,
    "190": 0.7478942283793605,
    "154": 0.4182937023321261,
    "181": 0.7010630275970475,
    "153": 0.668870387315152,
    "185": 0.7216722078475186,
    "107": 0.01,
    "175": 0.40125721884019777,
    "148": 0.7486492593083716,
    "168": 0.5374865994153444,
    "140": 0.011111558642117419,
    "150": 0.7513226801962164,
    "143": 0.7420388043441754,
    "100": 0.01006383714659487,
    "125": 0.4698365777455303,
    "105": 0.05186703137423197,
    "147": 0.24806436049496056,
    "112": 0.059176453105584725,
    "192": 0.6449508944628198,
    "133": 0.20331941595888045,
    "108": 0.3728648099026651,
    "136": 0.2873056273833102,
    "177": 0.7311082521515415,
    "127": 0.3106045404648929,
    "111": 0.6498271816959746,
    "191": 0.288010688668479,
    "180": 0.010000450793897253,
    "162": 0.6764927687887798,
    "141": 0.1945952369361105,
    "101": 0.7523699836043677,
    "176": 0.032166351189278075,
    "114": 0.7393073875196381,
    "169": 0.01067107511825075,
    "161": 0.055319914622927124,
    "174": 0.2627507440854756,
    "155": 0.11488402050335896,
    "172": 0.7814481520998106,
    "138": 0.2670407991450589,
    "142": 0.48757935409176767,
    "137": 0.4591472712767366,
    "171": 0.3950171760441117,
    "157": 0.6614966299867521,
    "163": 0.2939421535195843,
    "159": 0.2591278111753034,
    "152": 0.5215931021891321,
    "170": 0.036429844637482375,
    "115": 0.7090633640568519,
    "184": 0.6456705310250163,
    "116": 0.552617023751397,
    "130": 0.7522339602317425,
    "129": 0.5832568565430366,
    "186": 0.4146389703992721,
    "165": 0.0100037380585264,
    "173": 0.46858464354601165,
    "156": 0.11754716909635585,
    "164": 0.23846755782038023,
    "202": 0.02133676510511321,
    "198": 0.2825333455032733,
    "194": 0.10224004263266308,
    "183": 0.5248014115388567,
    "160": 0.8295136988711733,
    "131": 0.02532676613434956,
    "201": 0.418937995220794,
    "195": 0.7605461724020857,
    "144": 0.8138393485652662,
    "203": 0.7934478666846101,
    "189": 0.6530628716260265,
    "196": 0.0829570898470204,
    "110": 0.7046067360347756,
    "145": 0.7943618447088456,
    "134": 0.5447929036391346,
    "178": 0.6431875315975736,
    "197": 0.5599582230045105,
    "149": 0.36211870338107766,
    "200": 0.6346014651808469,
    "146": 0.5621597449338718,
    "193": 0.23497801900309478,
    "188": 0.02671596824693653,
    "126": 0.27064913176759064,
    "167": 0.29886293368254024,
    "128": 0.3939579419074215,
    "103": 0.3021481137224672,
    "139": 0.7333540417915363,
    "182": 0.2618093052669817,
    "187": 0.1643644544559633,
    "353": 0.35490691868450497,
    "328": 0.3700324629616004,
    "503": 0.060710643930019535,
    "296": 0.5701013705726142,
    "368": 0.6259791376019764,
    "248": 0.539027639901746,
    "361": 0.22682291462447784,
    "247": 0.7232822236602083,
    "531": 0.010003251910518086,
    "454": 0.8132068960287583,
    "385": 0.39014430848727627,
    "246": 0.012340849828868974,
    "483": 0.5737681197212267,
    "357": 0.4480344557400034,
    "281": 0.4705608731949695,
    "308": 0.39418971356240734,
    "613": 0.6896029548761039,
    "448": 0.0729385764679627,
    "522": 0.5206555525514005,
    "421": 0.3846558605350797,
    "355": 0.6115038525921194,
    "588": 0.7607116737698804,
    "458": 0.39422122285065364,
    "469": 0.1905827822574908,
    "500": 0.0755767883959768,
    "253": 0.28182467079674817,
    "321": 0.4580016634265513,
    "430": 0.4536635952306104,
    "450": 0.6503273799132232,
    "467": 0.5155789735131737,
    "317": 0.48666551997390284,
    "554": 0.1226196095722666,
    "243": 0.3217209165364305,
    "619": 0.19503440818111745,
    "334": 0.08937658046193049,
    "260": 0.6378202142316176,
    "428": 0.28228297056531026,
    "264": 0.4700845774401098,
    "346": 0.37405985543510584,
    "258": 0.05599595709129046,
    "266": 0.6340090457488977,
    "336": 0.7702182474939737,
    "532": 0.4144949027504127,
    "359": 0.4925520801069098,
    "272": 0.7864327105304891,
    "280": 0.010207974004212642,
    "444": 0.01044416969482906,
    "370": 0.024749525561438057,
    "351": 0.3841382578165724,
    "456": 0.32693062436166537,
    "393": 0.3202459616516834,
    "576": 0.3328213695938369,
    "589": 0.562746754419741,
    "389": 0.566899428942961,
    "459": 0.5645509847405636,
    "488": 0.7280632446205701,