{
    "76": 0.010655453057214761,
    "58": 0.4933241346704068,
    "10": 0.5064570831610332,
    "26": 0.055871227880061734,
    "57": 0.10134135256541059,
    "3": 0.33680687831947287,
    "81": 0.014414853215997402,
    "20": 0.29856149980072605,
    "33": 0.01035991332585134,
    "50": 0.010006523877018166,
    "4": 0.4763506394523274,
    "47": 0.010011045080767833,
    "61": 0.17391923231344944,
    "67": 0.01074075667032787,
    "88": 0.5533943006750446,
    "53": 0.010210303635869354,
    "42": 0.01000000000033765,
    "83": 0.2935529100307548,
    "34": 0.09110651411789827,
    "13": 0.45790042664795144,
    "43": 0.04850773155589987,
    "90": 0.07508434928101018,
    "22": 0.48357979709887206,
    "49": 0.019095336549846548,
    "11": 0.057113888975690086,
    "15": 0.1344786781183016,
    "62": 0.018769483756246763,
    "25": 0.010810540027309563,
    "65": 0.04550804208389767,
    "51": 0.32394178077247004,
    "84": 0.011566671516649602,
    "99": 0.5778421081274221,
    "37": 0.03746080655428516,
    "72": 0.010300962804605344,
    "46": 0.04994305065558946,
    "21": 0.010000334483652534,
    "2": 0.03280552400853435,
    "6": 0.19957459150542578,
    "79": 0.022398508387148134,
    "30": 0.011014010236900655,
    "63": 0.04085156838955289,
    "87": 0.4865971448774741,
    "28": 0.4682469601209502,
    "24": 0.4686443515808147,
    "95": 0.25955880144440946,
    "5": 0.027748873711600206,
    "35": 0.4237527944009467,
    "48": 0.010137212041405623,
    "39": 0.013095649229199284,
    "77": 0.010000722016153941,
    "74": 0.010050436299689358,
    "7": 0.02044887996928027,
    "8": 0.024872160024111464,
    "23": 0.010076271033058042,
    "66": 0.010001099757129863,
    "68": 0.04383609288529222,
    "29": 0.2773821180178797,
    "80": 0.12932558445176007,
    "52": 0.013941639440541756,
    "91": 0.05996236287167497,
    "59": 0.08531368909425685,
    "86": 0.09819829744404417,
    "1": 0.6104743017976504,
    "92": 0.17285118035080232,
    "82": 0.33129064400168723,
    "89": 0.5141786650941776,
    "14": 0.6383462474071564,
    "38": 0.010005812053624911,
    "12": 0.7256385921336617,
    "40": 0.04452451932106479,
    "69": 0.6566346933399262,
    "85": 0.06862666856633366,
    "18": 0.060633017397054824,
    "16": 0.472044614881761,
    "70": 0.7118846099347652,
    "41": 0.030973722089420078,
    "98": 0.025867002353918495,
    "60": 0.010225629945805134,
    "78": 0.28724062318837595,
    "19": 0.6482322102827052,
    "45": 0.49959735967363755,
    "96": 0.39437412279880346,
    "93": 0.017583804789163073,
    "0": 0.14084411559776064,
    "17": 0.010078526626567315,
    "71": 0.010003990375152304,
    "36": 0.5462768538424622,
    "27": 0.08533216720812228,
    "54": 0.01705241512829805,
    "97": 0.4008397489472166,
    "94": 0.45811729555152936,
    "56": 0.011291656299112472,
    "31": 0.06014819113468027,
    "32": 0.010001014034956592,
    "44": 0.014079203081471417,
    "64": 0.05072431759168024,
    "9": 0.7067065367750207,
    "73": 0.01003159201107766,
    "55": 0.010000000028204682,
    "75": 0.010066248792714666,
    "124": 0.32520118000611875,
    "121": 0.03472572121786569,
    "117": 0.01000022950034573,
    "122": 0.018474246519170186,
    "109": 0.28328032322703145,
    "120": 0.010000079757635685,
    "118": 0.010000035219068127,
    "123": 0.010000271750175767,
    "106": 0.016582731501664637,
    "119": 0.08130108917519607,
    "104": 0.047268475276242866,
    "113": 0.2290713400511923,
    "102": 0.11581062528574634,
    "158": 0.010849701828216223,
    "132": 0.6132179541859061,
    "135": 0.500183842907757,
    "166": 0.010001113353258316,
    "151": 0.06310117870155925,
    "190": 0.29755256021968346,
    "154": 0.022601898451330267,
    "181": 0.09850234694534679,
    "153": 0.1962078629296498,
    "185": 0.043736576880512905,
    "107": 0.01,
    "175": 0.01873422072552254,
    "148": 0.11728437375450003,
    "168": 0.08722868094981973,
    "140": 0.010000000000052316,
    "150": 0.37755630376237953,
    "143": 0.2191045989035137,
    "100": 0.02095895470387323,
    "125": 0.3336103248128935,
    "105": 0.014356956532722015,
    "147": 0.11240223307275747,
    "112": 0.013135245360242347,
    "192": 0.10015741733405538,
    "133": 0.0328397961057049,
    "108": 0.1082545634655368,
    "136": 0.013345652219718541,
    "177": 0.0670982279146084,
    "127": 0.4552087842531833,
    "111": 0.7739605827873428,
    "191": 0.05064562806373871,
    "180": 0.03261275107476075,
    "162": 0.04902938250772193,
    "141": 0.14504773468865276,
    "101": 0.14375282186597504,
    "176": 0.010000000336801266,
    "114": 0.010936477577076264,
    "169": 0.08721300769662017,
    "161": 0.010828751875068418,
    "174": 0.09498847613092037,
    "155": 0.013097696348882394,
    "172": 0.39596695690154154,
    "138": 0.011207831806230244,
    "142": 0.07595515250250916,
    "137": 0.36286769795017554,
    "171": 0.11847930397993313,
    "157": 0.2743518243449585,
    "163": 0.01003624827593625,
    "159": 0.010351712071318825,
    "152": 0.07273879515714497,
    "170": 0.010230520350132635,
    "115": 0.5637364641004803,
    "184": 0.35981010747135966,
    "116": 0.07343575934183902,
    "130": 0.23035841588889802,
    "129": 0.31604061330056216,
    "186": 0.4874405077778067,
    "165": 0.011327604566420714,
    "173": 0.011002143088842868,
    "156": 0.4497427807732472,
    "164": 0.010000985495734025,
    "202": 0.010390825944226252,
    "198": 0.03201980612449223,
    "194": 0.01029376844619485,
    "183": 0.24238487394187896,
    "160": 0.6279111332653322,
    "131": 0.010948271322267802,
    "201": 0.13678097172734244,
    "195": 0.01000000020946746,
    "144": 0.4759827805892514,
    "203": 0.14611599327833644,
    "189": 0.5046489290883651,
    "196": 0.0167012805668754,
    "110": 0.22715524287290595,
    "145": 0.6697126823180524,
    "134": 0.12687593215652615,
    "178": 0.3427594329804899,
    "197": 0.1976312194907393,
    "149": 0.4343855043544849,
    "200": 0.05327063879053344,
    "146": 0.5571437749465475,
    "193": 0.010151292400877181,
    "188": 0.010000076017687523,
    "126": 0.2964662397630085,
    "167": 0.010002220164999154,
    "128": 0.25198337080336874,
    "103": 0.05009445032767338,
    "139": 0.5039876360845934,
    "182": 0.1241760556991047,
    "187": 0.10079279664355034,
    "353": 0.2139445635404789,
    "328": 0.022818058974055647,
    "503": 0.04615451143263496,
    "296": 0.016677735633394974,
    "368": 0.3593624674986292,
    "248": 0.06618864693431288,
    "361": 0.11030213930257923,
    "247": 0.28688911484725865,
    "531": 0.010000126617008082,
    "454": 0.7792101496808788,
    "385": 0.3967191822052329,
    "246": 0.010000007114159755,
    "483": 0.4229834431280057,
    "357": 0.12569348399086822,
    "281": 0.05064947287768527,
    "308": 0.028080324604677548,
    "613": 0.15118599673249122,
    "448": 0.010667761055264586,
    "522": 0.4191068765327102,
    "421": 0.5702936915580016,
    "355": 0.010056350824206807,
    "588": 0.10798934876569513,
    "458": 0.09766407345556456,
    "469": 0.010009229712227369,
    "500": 0.01006140484091528,
    "253": 0.3384005128522793,
    "321": 0.4883557974963887,
    "430": 0.12256879423570774,
    "450": 0.09305216602046831,
    "467": 0.04171651756932348,
    "317": 0.05105862927656737,
    "554": 0.0108827775426057,
    "243": 0.7808969217250332,
    "619": 0.4138458676024513,
    "334": 0.010040025852386752,
    "260": 0.0794746296592235,
    "428": 0.4837700032374683,
    "264": 0.15313472717245338,
    "346": 0.11812445706443311,
    "258": 0.010000023691527709,
    "266": 0.3359317716351936,
    "336": 0.5914760323008326,
    "532": 0.010001742571360566,
    "359": 0.35680593834219493,
    "272": 0.6057644466438303,
    "280": 0.010384496746660508,
    "444": 0.010000073476229969,
    "370": 0.010007243848416012,
    "351": 0.010008604362123323,
    "456": 0.01862120735346938,
    "393": 0.041669613829429034,