{
    "76": 0.20633317886661026,
    "58": 0.6162334142658199,
    "10": 0.2994425739976545,
    "26": 0.5098942006103505,
    "57": 0.023327734653963327,
    "3": 0.7240955753262632,
    "81": 0.010010910738419336,
    "20": 0.164960407747227,
    "33": 0.3756701724805642,
    "50": 0.2314591315218737,
    "4": 0.01011008525923962,
    "47": 0.03666996597104438,
    "61": 0.07066547499163689,
    "67": 0.010000000000000071,
    "88": 0.6959058506775601,
    "53": 0.010000024749744714,
    "42": 0.010000000000000002,
    "83": 0.5190656170289057,
    "34": 0.5605613310976031,
    "13": 0.3008300070697663,
    "43": 0.019944237044722393,
    "90": 0.029078374068295568,
    "22": 0.05096216103181628,
    "49": 0.735389145942032,
    "11": 0.01736454516151359,
    "15": 0.010264621424317479,
    "62": 0.010019167424190768,
    "25": 0.02390138594217931,
    "65": 0.010000000000000002,
    "51": 0.36980946827724664,
    "84": 0.047926325128738054,
    "99": 0.4870976179985164,
    "37": 0.0803276188444947,
    "72": 0.010000007228978773,
    "46": 0.01,
    "21": 0.010000000000000002,
    "2": 0.5860162269179998,
    "6": 0.0855803607876844,
    "79": 0.010073375490553744,
    "30": 0.010000000642792942,
    "63": 0.19797493476004902,
    "87": 0.5762601683781157,
    "28": 0.010288342284345052,
    "24": 0.0428439651245405,
    "95": 0.016439788820402215,
    "5": 0.10087370135986364,
    "35": 0.012081086335136836,
    "48": 0.01034327170735012,
    "39": 0.01,
    "77": 0.5157502399956315,
    "74": 0.2281711517665492,
    "7": 0.028855827118004003,
    "8": 0.010000000000000002,
    "23": 0.01303629303243893,
    "66": 0.010000000000000002,
    "68": 0.15376964044905167,
    "29": 0.01960777411708708,
    "80": 0.39441132629620596,
    "52": 0.5208390770508617,
    "91": 0.01000015489661363,
    "59": 0.010000067083583579,
    "86": 0.09819829744404417,
    "1": 0.6101859873289928,
    "92": 0.3662266224378793,
    "82": 0.010000004650701092,
    "89": 0.5148998834799869,
    "14": 0.2347173758051293,
    "38": 0.01,
    "12": 0.010656002854112813,
    "40": 0.01009594840889107,
    "69": 0.03986522081435456,
    "85": 0.30752458480775735,
    "18": 0.12872611254894883,
    "16": 0.25918569260912777,
    "70": 0.5082987672749699,
    "41": 0.01091888416786556,
    "98": 0.010000000657672758,
    "60": 0.010000002464443492,
    "78": 0.040573384806707975,
    "19": 0.02960536681912709,
    "45": 0.1555880191563546,
    "96": 0.24213487422432975,
    "93": 0.010000000025052667,
    "0": 0.16827194512782823,
    "17": 0.010052142165758438,
    "71": 0.010000000000000002,
    "36": 0.7974448608510671,
    "27": 0.2809323942336561,
    "54": 0.08732377420790804,
    "97": 0.9013031934318808,
    "94": 0.11917238666889805,
    "56": 0.585829067449456,
    "31": 0.0297598992379208,
    "32": 0.010000000000000002,
    "44": 0.17767200932032523,
    "64": 0.010000000000002706,
    "9": 0.01011670986693536,
    "73": 0.013101578879832187,
    "55": 0.018026320887251545,
    "75": 0.4125873132487061,
    "124": 0.8108524732512342,
    "121": 0.7646092844479458,
    "117": 0.01000003755010045,
    "122": 0.3074623558508587,
    "109": 0.6931297937423588,
    "120": 0.019688643148591374,
    "118": 0.01,
    "123": 0.01011455269515581,
    "106": 0.010000061668105069,
    "119": 0.7602030205788219,
    "104": 0.1867506802922184,
    "113": 0.1013361643497209,
    "102": 0.12533101695751742,
    "158": 0.010000000000000002,
    "132": 0.4832751018711526,
    "135": 0.38866653450469313,
    "166": 0.01,
    "151": 0.06501397123826379,
    "190": 0.8826621733216891,
    "154": 0.010000000000173061,
    "181": 0.5785308208436069,
    "153": 0.37341794154048363,
    "185": 0.012014761949000256,
    "107": 0.01,
    "175": 0.010000000003221288,
    "148": 0.42087189700642164,
    "168": 0.2787327557127734,
    "140": 0.01,
    "150": 0.506322938760827,
    "143": 0.6153701131268642,
    "100": 0.010000000000000002,
    "125": 0.010021907136320476,
    "105": 0.010000000000000002,
    "147": 0.16358429895269241,
    "112": 0.01105615701077814,
    "192": 0.060415748573667216,
    "133": 0.5055823662800961,
    "108": 0.010220854541908124,
    "136": 0.010000000007701763,
    "177": 0.6090925227910665,
    "127": 0.101633597226087,
    "111": 0.5815956461787402,
    "191": 0.01216002113238548,
    "180": 0.010000000000000002,
    "162": 0.011594226712311502,
    "141": 0.01047074594938806,
    "101": 0.4098168971224203,
    "176": 0.010000000000000002,
    "114": 0.0764310583580472,
    "169": 0.010000000000000002,
    "161": 0.01,
    "174": 0.01841224963901939,
    "155": 0.023112244350879156,
    "172": 0.45714259681627,
    "138": 0.010075722864649755,
    "142": 0.36496098566072166,
    "137": 0.015433160442444471,
    "171": 0.2142828130265763,
    "157": 0.16944398836382746,
    "163": 0.011385916810647625,
    "159": 0.010000000051657064,
    "152": 0.7060642201306867,
    "170": 0.010000000000000002,
    "115": 0.7137450303628673,
    "184": 0.12524215961199983,
    "116": 0.9053329245625329,
    "130": 0.49449232516304875,
    "129": 0.01000080964152255,
    "186": 0.37520374162960074,
    "165": 0.01,
    "173": 0.23542510228848,
    "156": 0.30398790894063044,
    "164": 0.010000000000028373,
    "202": 0.010000000000000002,
    "198": 0.010320642799833796,
    "194": 0.010000000000004939,
    "183": 0.1888282518077821,
    "160": 0.4403465038198644,
    "131": 0.010129100794043337,
    "201": 0.010000000011240988,
    "195": 0.01,
    "144": 0.7395859593494114,
    "203": 0.07748613737215812,
    "189": 0.3256730805215206,
    "196": 0.010007238701927542,
    "110": 0.01032472747284992,
    "145": 0.4889387475615921,
    "134": 0.026938624508837026,
    "178": 0.09767306900528036,
    "197": 0.02905787721770564,
    "149": 0.01017887329788913,
    "200": 0.010000024699081726,
    "146": 0.010000060496353286,
    "193": 0.42728590281340956,
    "188": 0.01,
    "126": 0.20729237660665026,
    "167": 0.018058136566473964,
    "128": 0.18673633226834147,
    "103": 0.010000000000000002,
    "139": 0.03496803698983432,
    "182": 0.6688004252666944,
    "187": 0.010000000089090215,
    "353": 0.010148336382830263,
    "328": 0.010000073646262927,
    "503": 0.3410556786580398,
    "296": 0.01925103870696469,
    "368": 0.5088308226318882,
    "248": 0.01,
    "361": 0.010000030331887186,
    "247": 0.35608467965517865,
    "531": 0.010000000071141896,
    "454": 0.48638275860218905,
    "385": 0.12793515861353688,
    "246": 0.06760793926544216,
    "483": 0.3512035365229135,
    "357": 0.5053911717446988,
    "281": 0.015432710746572424,
    "308": 0.010000002892177624,
    "613": 0.6891444998444141,
    "448": 0.01,
    "522": 0.49673161262300447,
    "421": 0.011597466854013349,
    "355": 0.010000000000000002,
    "588": 0.7746247735599833,
    "458": 0.15381874789461827,
    "469": 0.01,
    "500": 0.3316818212575385,
    "253": 0.5221103139553473,
    "321": 0.06602055655071198,
    "430": 0.017544405027415895,
    "450": 0.017377679888851673,
    "467": 0.19645454497254264,
    "317": 0.42207013308210395,
    "554": 0.010000000000002833,
    "243": 0.6285936022576737,
    "619": 0.010000000000000002,
    "334": 0.01,
    "260": 0.5050002380805627,
    "428": 0.010000134615307021,
    "264": 0.4431859979960769,
    "346": 0.6961334940901739,
    "258": 0.010000000000000002,
    "266": 0.1070942984277896,
    "336": 0.6595364045490969,
    "532": 0.010000000095618536,
    "359": 0.5290230599531847,
    "272": 0.010932057527960982,
    "280": 0.010000000000000002,
    "444": 0.010000000000000002,
    "370": 0.01,
    "351": 0.010000000000000002,
    "456": 0.010001702177234662,
    "393": 0.40785020716068343,
    "576": 0.010000000000000002,
    "589": 0.010000000000000002,
    "389": 0.010000000000744774,
    "459": 0.010633747151081147,
    "488": 0.20365791344336565,
    "440": 0.010002320782109286,
    "502": 0.010093289639385312,