{
    "76": 0.0995610894985737,
    "58": 0.13642796513874436,
    "10": 0.2833071230654232,
    "26": 0.030271689408740362,
    "57": 0.08711625043342715,
    "3": 0.24987365183443502,
    "81": 0.01264468195905173,
    "20": 0.3929378091969459,
    "33": 0.016692224547790332,
    "50": 0.010005804481796832,
    "4": 0.07422022722991761,
    "47": 0.010000017618259856,
    "61": 0.019530385130264165,
    "67": 0.010003200748184983,
    "88": 0.465721078997691,
    "53": 0.010000004690847247,
    "42": 0.010000052278464145,
    "83": 0.15067105044917586,
    "34": 0.23719741997971697,
    "13": 0.602412640764018,
    "43": 0.028227675749432943,
    "90": 0.012416117699431626,
    "22": 0.412798455963986,
    "49": 0.013562856400768921,
    "11": 0.2752974820817094,
    "15": 0.19198618461908634,
    "62": 0.010000000203520418,
    "25": 0.0100000008027004,
    "65": 0.010000000000000004,
    "51": 0.025908690629220965,
    "84": 0.1754980953867819,
    "99": 0.297234359500089,
    "37": 0.036838409303020014,
    "72": 0.010000793001646375,
    "46": 0.010000000000000012,
    "21": 0.011074583888828163,
    "2": 0.2551310165072051,
    "6": 0.5902111605496378,
    "79": 0.05181497966032451,
    "30": 0.010000000003340143,
    "63": 0.01004002623657995,
    "87": 0.07901210588548231,
    "28": 0.1360875802871535,
    "24": 0.1720670363999728,
    "95": 0.12442745482768346,
    "5": 0.017369192789380577,
    "35": 0.19236812949167334,
    "48": 0.019127894345532366,
    "39": 0.010000000000000004,
    "77": 0.01023000750779605,
    "74": 0.014051636942714628,
    "7": 0.13278146196008495,
    "8": 0.010620777701578862,
    "23": 0.010006147593617162,
    "66": 0.010000000000000033,
    "68": 0.022513112429135562,
    "29": 0.01001788993732701,
    "80": 0.010001013149014496,
    "52": 0.20424692199333583,
    "91": 0.014163924584720218,
    "59": 0.015659387920273948,
    "86": 0.09819829744404417,
    "1": 0.5312578768705489,
    "92": 0.22897913847415344,
    "82": 0.30904924055032273,
    "89": 0.1099599278672187,
    "14": 0.6628135507830338,
    "38": 0.010000000000000004,
    "12": 0.640437962658761,
    "40": 0.010001446236712452,
    "69": 0.22536410724079237,
    "85": 0.010084551194738807,
    "18": 0.06779582072469983,
    "16": 0.3685224734207,
    "70": 0.30939294429674324,
    "41": 0.010126597323576014,
    "98": 0.06313664314258143,
    "60": 0.07482032516816284,
    "78": 0.04642423647755861,
    "19": 0.13097676704451303,
    "45": 0.2542054157797396,
    "96": 0.29830274196994777,
    "93": 0.010000316443695088,
    "0": 0.47634939505950424,
    "17": 0.010000000000000004,
    "71": 0.010000000000000004,
    "36": 0.3508243273961349,
    "27": 0.022027469231072454,
    "54": 0.027180591391106002,
    "97": 0.5490634785741935,
    "94": 0.03648644755078116,
    "56": 0.12770454059151176,
    "31": 0.06053326947079486,
    "32": 0.010000006196100248,
    "44": 0.013731661502216276,
    "64": 0.013062457405095863,
    "9": 0.39714390048369846,
    "73": 0.21895352828570117,
    "55": 0.01000010465113469,
    "75": 0.010000000000000014,
    "124": 0.47722000428594075,
    "121": 0.042876722849451716,
    "117": 0.035881246752128615,
    "122": 0.010042919819628038,
    "109": 0.38726459707544075,
    "120": 0.010000000000369795,
    "118": 0.010000000000000004,
    "123": 0.022823249710882874,
    "106": 0.13564200629452935,
    "119": 0.03172043700135607,
    "104": 0.16451748472351108,
    "113": 0.2730903587483294,
    "102": 0.0696470659548206,
    "158": 0.011985059252080103,
    "132": 0.22567026583710714,
    "135": 0.04201575173798208,
    "166": 0.010000190426473484,
    "151": 0.3384234828824108,
    "190": 0.1191767928728755,
    "154": 0.010133476805223111,
    "181": 0.32160564687420645,
    "153": 0.05552912783698849,
    "185": 0.013071726779349747,
    "107": 0.010000000000041807,
    "175": 0.409508717722324,
    "148": 0.010349384806183937,
    "168": 0.01809623173488663,
    "140": 0.010000000000000004,
    "150": 0.4155673137690013,
    "143": 0.13651870647306685,
    "100": 0.010035374390838852,
    "125": 0.010641189006126345,
    "105": 0.06310092970481,
    "147": 0.3094117090124503,
    "112": 0.010000000000087094,
    "192": 0.19991082143193198,
    "133": 0.07295079292151316,
    "108": 0.03285201371042885,
    "136": 0.010011769158147147,
    "177": 0.03300786372099714,
    "127": 0.6549915327793562,
    "111": 0.382347404267908,
    "191": 0.010008921479146924,
    "180": 0.011249809679009525,
    "162": 0.021391134450531327,
    "141": 0.0569936767012526,
    "101": 0.3747433475828379,
    "176": 0.010000000000000004,
    "114": 0.015913320303749312,
    "169": 0.031454404136812275,
    "161": 0.010000000000000089,
    "174": 0.10856776324209046,
    "155": 0.25417778780368294,
    "172": 0.1743860213569137,
    "138": 0.010001305752429,
    "142": 0.30647312676781235,
    "137": 0.0141240410857767,
    "171": 0.03841486239573496,
    "157": 0.02553126962156482,
    "163": 0.010008593143279957,
    "159": 0.01216139836543633,
    "152": 0.14305707725727432,
    "170": 0.010000000000000004,
    "115": 0.02744438397571888,
    "184": 0.4108982465317029,
    "116": 0.01156129499132124,
    "130": 0.5452582529635323,
    "129": 0.31732620008403223,
    "186": 0.13347843496303338,
    "165": 0.010000000000098678,
    "173": 0.06629634976244449,
    "156": 0.09242014363667442,
    "164": 0.043390200440305796,
    "202": 0.01001571403006861,
    "198": 0.026009815334253714,
    "194": 0.013422367972427922,
    "183": 0.15723039723820206,
    "160": 0.12951697261283468,
    "131": 0.010001709595175927,
    "201": 0.2872642999709678,
    "195": 0.010000000000036707,
    "144": 0.2509664521824156,
    "203": 0.22727193448255648,
    "189": 0.1683774229261793,
    "196": 0.010000000000000014,
    "110": 0.43810062681994366,
    "145": 0.21834389991297498,
    "134": 0.3836235642926258,
    "178": 0.5205291043367263,
    "197": 0.4795392558616605,
    "149": 0.19596952481549734,
    "200": 0.05759290547043503,
    "146": 0.5121491680728929,
    "193": 0.3202496205034692,
    "188": 0.01000008051800948,
    "126": 0.010351463023224499,
    "167": 0.010000589421348165,
    "128": 0.019482698001961788,
    "103": 0.010018908845008213,
    "139": 0.5176428907012103,
    "182": 0.14377587927284866,
    "187": 0.010470598631652691,
    "353": 0.01349463030614841,
    "328": 0.048650072039960565,
    "503": 0.01733536258779751,
    "296": 0.013802933237062843,
    "368": 0.5156262186117998,
    "248": 0.010739701405205896,
    "361": 0.153183564220165,
    "247": 0.40892312866945424,
    "531": 0.01000011622865833,
    "454": 0.3666972285809482,
    "385": 0.29360796074695505,
    "246": 0.1430131476097612,
    "483": 0.5663848163249832,
    "357": 0.37166709144991666,
    "281": 0.29723313923981526,
    "308": 0.010000000000000014,
    "613": 0.4123661364636539,
    "448": 0.021622887270195616,
    "522": 0.17789041769419167,
    "421": 0.49445962259240134,
    "355": 0.028189271493888293,
    "588": 0.17195844465289498,
    "458": 0.35997252475935815,
    "469": 0.010012623533943613,
    "500": 0.010000000315071101,
    "253": 0.26223241515047685,
    "321": 0.04873278672689801,
    "430": 0.04095662892142978,
    "450": 0.39547213144025095,
    "467": 0.34172326827834515,
    "317": 0.010000000187705894,
    "554": 0.010000000000000004,
    "243": 0.243057204024641,
    "619": 0.1155437599908942,
    "334": 0.1383527856555881,
    "260": 0.011201805570080981,
    "428": 0.11239333357357867,
    "264": 0.22702573206428756,
    "346": 0.07879159692226949,
    "258": 0.010001353235962776,
    "266": 0.014553771859402464,
    "336": 0.2847968138586956,
    "532": 0.010092154634950699,
    "359": 0.29542153610340227,
    "272": 0.27535923888561425,
    "280": 0.010004289009172156,
    "444": 0.010000002345740134,
    "370": 0.010000000003423618,
    "351": 0.01000000000000076,
    "456": 0.12133196848138812,