{
    "76": 0.01000740534566145,
    "58": 0.17129170688925635,
    "10": 0.018590816548001446,
    "26": 0.010000000024773987,
    "57": 0.06386653719332419,
    "3": 0.5413736869675345,
    "81": 0.010000000002898227,
    "20": 0.013830104381924004,
    "33": 0.010004904814154498,
    "50": 0.012287278027916826,
    "4": 0.3806583818753213,
    "47": 0.010000000061808168,
    "61": 0.010656475164068981,
    "67": 0.012938071894971337,
    "88": 0.2889407540634712,
    "53": 0.010000562010136745,
    "42": 0.011308453011983665,
    "83": 0.2695189238795081,
    "34": 0.18317787495575497,
    "13": 0.26378302663184566,
    "43": 0.08549350125961352,
    "90": 0.2965026587857527,
    "22": 0.6391186047597761,
    "49": 0.010000000002634452,
    "11": 0.14155572785982587,
    "15": 0.3210793609310946,
    "62": 0.010000000027800797,
    "25": 0.010000349383677979,
    "65": 0.010032051895548743,
    "51": 0.05541337875323188,
    "84": 0.010000000482257913,
    "99": 0.6444102998417692,
    "37": 0.012512325870365826,
    "72": 0.010000000000000004,
    "46": 0.010000963723535115,
    "21": 0.010006317076120754,
    "2": 0.23974292063010666,
    "6": 0.6642119778702084,
    "79": 0.06461128511962295,
    "30": 0.012924753012417484,
    "63": 0.01005382462080167,
    "87": 0.44247454281829446,
    "28": 0.03530242825215977,
    "24": 0.385872696838589,
    "95": 0.04708007587952472,
    "5": 0.1080659149449204,
    "35": 0.15111215789461482,
    "48": 0.015080723541269284,
    "39": 0.24288720891095636,
    "77": 0.01000328340849796,
    "74": 0.18191998510501303,
    "7": 0.37642463555534833,
    "8": 0.0443887980426637,
    "23": 0.010000000000403204,
    "66": 0.0648788779499449,
    "68": 0.010000001258401692,
    "29": 0.010000000408063963,
    "80": 0.031046441866755814,
    "52": 0.0533377691223421,
    "91": 0.019791460982105862,
    "59": 0.010003349734006425,
    "86": 0.09819829744404417,
    "1": 0.5970966183717938,
    "92": 0.02631635022820083,
    "82": 0.5898404259048267,
    "89": 0.034574313577976856,
    "14": 0.5756613381114863,
    "38": 0.010000000000000047,
    "12": 0.604890669114738,
    "40": 0.01000000000000001,
    "69": 0.06594193265849344,
    "85": 0.023475762276903667,
    "18": 0.01757112098300213,
    "16": 0.186187134347294,
    "70": 0.09979697761345868,
    "41": 0.010000000000134172,
    "98": 0.019734358881515358,
    "60": 0.012540916893634898,
    "78": 0.010002375266933131,
    "19": 0.3781054487526847,
    "45": 0.17494818727954584,
    "96": 0.15275978421988737,
    "93": 0.010007569694506134,
    "0": 0.6251191038352241,
    "17": 0.010568505173384472,
    "71": 0.010000047848158574,
    "36": 0.5681206711168871,
    "27": 0.10214931875363654,
    "54": 0.019587214841247452,
    "97": 0.364025092307136,
    "94": 0.049840660911003205,
    "56": 0.1928144337572789,
    "31": 0.020249677558091986,
    "32": 0.010000667152947297,
    "44": 0.23023145779068457,
    "64": 0.26443483430013454,
    "9": 0.4613290621088383,
    "73": 0.010001340197808217,
    "55": 0.010000000000000004,
    "75": 0.41195014485271125,
    "124": 0.6542101348591132,
    "121": 0.010000000000004785,
    "117": 0.010135573896171096,
    "122": 0.012247937093221235,
    "109": 0.5986399446148662,
    "120": 0.0100000000000028,
    "118": 0.010000000000055591,
    "123": 0.01009990689230198,
    "106": 0.01000000000000142,
    "119": 0.3146641331575647,
    "104": 0.22587316118626766,
    "113": 0.35186547982839267,
    "102": 0.05530249095150006,
    "158": 0.27764832858531224,
    "132": 0.31188735105446863,
    "135": 0.016911982918933744,
    "166": 0.010000000067824038,
    "151": 0.259966647608802,
    "190": 0.20937640673160143,
    "154": 0.010000000002231859,
    "181": 0.08580714938008985,
    "153": 0.01000807251018162,
    "185": 0.010009925933190465,
    "107": 0.14871123478764692,
    "175": 0.1196919014384094,
    "148": 0.022051898091710147,
    "168": 0.024595465828965525,
    "140": 0.010000000000000004,
    "150": 0.31262112890139443,
    "143": 0.4818955642557517,
    "100": 0.010019756014768628,
    "125": 0.29636747095825894,
    "105": 0.07437713214845175,
    "147": 0.45110546420664993,
    "112": 0.010015870447104773,
    "192": 0.15648307782369344,
    "133": 0.010000000000000014,
    "108": 0.39440398335286225,
    "136": 0.019464234021778982,
    "177": 0.23812217775801162,
    "127": 0.47096221910665764,
    "111": 0.5787238414035697,
    "191": 0.11982097137542583,
    "180": 0.04945879786363361,
    "162": 0.01001737142133902,
    "141": 0.010000000001808784,
    "101": 0.40963584969344646,
    "176": 0.010000000000000004,
    "114": 0.40145581764898003,
    "169": 0.08787844865988063,
    "161": 0.010003257865980848,
    "174": 0.010000001128634115,
    "155": 0.07985605467694569,
    "172": 0.061573903212784206,
    "138": 0.010172722571886107,
    "142": 0.5261956173639141,
    "137": 0.0608927199261415,
    "171": 0.024235128531513755,
    "157": 0.020563975368560188,
    "163": 0.010000000000133154,
    "159": 0.013986339248388303,
    "152": 0.06946146646472279,
    "170": 0.010000000000397542,
    "115": 0.010194491837571247,
    "184": 0.7046714795496247,
    "116": 0.011315189925466146,
    "130": 0.4316345250189345,
    "129": 0.2054689010103818,
    "186": 0.6051722485302418,
    "165": 0.010000000000000004,
    "173": 0.050882822903203374,
    "156": 0.010044846595462006,
    "164": 0.42592165503284657,
    "202": 0.01026624013072733,
    "198": 0.010009547127581413,
    "194": 0.010000000000000632,
    "183": 0.19328944562544176,
    "160": 0.29649959407095533,
    "131": 0.010000000000000498,
    "201": 0.11072730778260123,
    "195": 0.010000000000000004,
    "144": 0.2323330495466588,
    "203": 0.4002637871896314,
    "189": 0.17269410683980008,
    "196": 0.010002610431915237,
    "110": 0.5906081826105365,
    "145": 0.1291320494420768,
    "134": 0.27124844761891,
    "178": 0.6171618857521552,
    "197": 0.38854613068044896,
    "149": 0.09023578604034549,
    "200": 0.01000005138006618,
    "146": 0.16166550675471753,
    "193": 0.1154832526756394,
    "188": 0.010000000000000106,
    "126": 0.01754392966456586,
    "167": 0.010000000000073473,
    "128": 0.29346831007683694,
    "103": 0.11317266048917664,
    "139": 0.569591117788118,
    "182": 0.20676729827345522,
    "187": 0.010000000000004021,
    "353": 0.010000602260686865,
    "328": 0.013949975873460807,
    "503": 0.1611231945819283,
    "296": 0.010003853871866473,
    "368": 0.6976295876802703,
    "248": 0.01021245773912977,
    "361": 0.010000000190573484,
    "247": 0.3741010508129665,
    "531": 0.17514266190375255,
    "454": 0.6561302104828607,
    "385": 0.21367765382709095,
    "246": 0.010000000000000004,
    "483": 0.3095300528345767,
    "357": 0.37452951510506827,
    "281": 0.13077255052527886,
    "308": 0.010000000000323393,
    "613": 0.7716749715559575,
    "448": 0.010000000000000004,
    "522": 0.15316647396594163,
    "421": 0.4489197413977649,
    "355": 0.010000000001188414,
    "588": 0.21431001311548467,
    "458": 0.15767069571249584,
    "469": 0.011721331319884518,
    "500": 0.010000002776765922,
    "253": 0.22984817218501616,
    "321": 0.1356449043924272,
    "430": 0.06816754252713746,
    "450": 0.13682837811299894,
    "467": 0.6439063568291513,
    "317": 0.010748574335365819,
    "554": 0.010000615712497692,
    "243": 0.3715500181700356,
    "619": 0.010036694354316693,
    "334": 0.021636494734179574,
    "260": 0.023740785986869486,
    "428": 0.1527951781281279,
    "264": 0.0841176920324491,
    "346": 0.437652505121236,
    "258": 0.010000000000000243,
    "266": 0.6048489412853236,
    "336": 0.6460539096923397,
    "532": 0.010000000000120858,
    "359": 0.3870736189311919,
    "272": 0.2596165017452605,
    "280": 0.010000000000000004,
    "444": 0.010000000000000004,
    "370": 0.02871069370104375,
    "351": 0.010000000000000004,
    "456": 0.010000000493104509,