{
    "76": 0.430185205271038,
    "58": 0.5613773653115954,
    "10": 0.16054614749854962,
    "26": 0.1981902422055745,
    "57": 0.08205570978005129,
    "3": 0.12378139032245397,
    "81": 0.010000000097991391,
    "20": 0.9096048877177079,
    "33": 0.05276115965260636,
    "50": 0.46623641301893237,
    "4": 0.010000369887577321,
    "47": 0.010116686491417882,
    "61": 0.010000166689643068,
    "67": 0.010001508541826437,
    "88": 0.7454125179718076,
    "53": 0.010000000000000309,
    "42": 0.01,
    "83": 0.7707964565995047,
    "34": 0.8889182421184826,
    "13": 0.011500101620338665,
    "43": 0.010019357728087831,
    "90": 0.7460302700900717,
    "22": 0.2240187884828086,
    "49": 0.14416512634865108,
    "11": 0.010510377563876225,
    "15": 0.9090404618274845,
    "62": 0.02159570892966792,
    "25": 0.010336684735070517,
    "65": 0.01,
    "51": 0.5620042690454434,
    "84": 0.010000000000000005,
    "99": 0.1982338917849538,
    "37": 0.8549588575441259,
    "72": 0.010000000000000002,
    "46": 0.01,
    "21": 0.010000000000000004,
    "2": 0.7295708090158334,
    "6": 0.7161789278645508,
    "79": 0.45480532610734536,
    "30": 0.01,
    "63": 0.010000886571890086,
    "87": 0.7004331645089877,
    "28": 0.7133352428959098,
    "24": 0.8867976004412687,
    "95": 0.0197997662207818,
    "5": 0.010277241280737587,
    "35": 0.6020291663899874,
    "48": 0.010000000000000002,
    "39": 0.010000000000298853,
    "77": 0.05947755111911939,
    "74": 0.016029641240188002,
    "7": 0.010652243984804388,
    "8": 0.01,
    "23": 0.01,
    "66": 0.010000000048631571,
    "68": 0.01000261975558314,
    "29": 0.371106592010031,
    "80": 0.05128587274936345,
    "52": 0.1676679014283559,
    "91": 0.012809196306571253,
    "59": 0.010478413874664668,
    "86": 0.09819829744404417,
    "1": 0.7013846129137884,
    "92": 0.030988015649767435,
    "82": 0.611607753695844,
    "89": 0.011325153267778757,
    "14": 0.7665510135445234,
    "38": 0.01,
    "12": 0.021110794111204603,
    "40": 0.010091166822792392,
    "69": 0.6515429184892568,
    "85": 0.020802564506931038,
    "18": 0.24301343338781778,
    "16": 0.8842250193287128,
    "70": 0.11492630993528409,
    "41": 0.01,
    "98": 0.01057110242759845,
    "60": 0.010000610608640402,
    "78": 0.010000000000000004,
    "19": 0.5750126944955496,
    "45": 0.08025360812752545,
    "96": 0.776331651274094,
    "93": 0.010000000000000004,
    "0": 0.012301488719489427,
    "17": 0.01,
    "71": 0.01,
    "36": 0.44860833536940076,
    "27": 0.6069935024172054,
    "54": 0.7698463991100131,
    "97": 0.10259715065650464,
    "94": 0.014036234820325282,
    "56": 0.8327145461142413,
    "31": 0.010057406014466646,
    "32": 0.01,
    "44": 0.5160030392148913,
    "64": 0.010035255924240555,
    "9": 0.02160566281185311,
    "73": 0.5535801908849667,
    "55": 0.010000000320073386,
    "75": 0.5919897612795516,
    "124": 0.2513503289983662,
    "121": 0.010000048002990152,
    "117": 0.01,
    "122": 0.012566222016386795,
    "109": 0.8889522863454121,
    "120": 0.01,
    "118": 0.01,
    "123": 0.010000000000000004,
    "106": 0.08968870787757935,
    "119": 0.015865651604580325,
    "104": 0.22103920031826094,
    "113": 0.31610744580081473,
    "102": 0.9175602670369618,
    "158": 0.010944130856823843,
    "132": 0.4768131108711897,
    "135": 0.5769582121838228,
    "166": 0.10724699945393062,
    "151": 0.01000317485912341,
    "190": 0.4790216373577843,
    "154": 0.01012432676280621,
    "181": 0.030030410834649083,
    "153": 0.010003299598548189,
    "185": 0.013967443279091277,
    "107": 0.01,
    "175": 0.010000000000182745,
    "148": 0.05291629468907285,
    "168": 0.012078299879167444,
    "140": 0.01,
    "150": 0.8265426289999113,
    "143": 0.3792022134400851,
    "100": 0.010000000000000004,
    "125": 0.6675029160636823,
    "105": 0.010001603034755856,
    "147": 0.4622392736519159,
    "112": 0.01,
    "192": 0.45796379036717455,
    "133": 0.010000000000000002,
    "108": 0.010000310417387704,
    "136": 0.010000000000000005,
    "177": 0.2851735524539529,
    "127": 0.6378381299096895,
    "111": 0.8982886080905048,
    "191": 0.010025075175212523,
    "180": 0.5705989691371224,
    "162": 0.010000000000000021,
    "141": 0.03750474793927835,
    "101": 0.571618215226097,
    "176": 0.01,
    "114": 0.4983657699435194,
    "169": 0.010000000341030145,
    "161": 0.01,
    "174": 0.010000000000000002,
    "155": 0.013572442970364697,
    "172": 0.4213919669530092,
    "138": 0.01,
    "142": 0.04377203106419735,
    "137": 0.5936862462540472,
    "171": 0.12318605262400781,
    "157": 0.28052627421125254,
    "163": 0.010000951391227303,
    "159": 0.010015456025388583,
    "152": 0.6447388508345302,
    "170": 0.07473563400441692,
    "115": 0.9121838628571043,
    "184": 0.5342283144556548,
    "116": 0.20391575496172396,
    "130": 0.45811017586081243,
    "129": 0.35799365473674205,
    "186": 0.011394954737814286,
    "165": 0.010021004684159238,
    "173": 0.20186963844064582,
    "156": 0.10966317201849841,
    "164": 0.010000005013183105,
    "202": 0.01,
    "198": 0.010000002230355428,
    "194": 0.010000000000000004,
    "183": 0.527821248153325,
    "160": 0.9084897663313103,
    "131": 0.0103993851916485,
    "201": 0.010000000000000002,
    "195": 0.010000000000000002,
    "144": 0.09900981573412868,
    "203": 0.031536341508761986,
    "189": 0.026156609061829292,
    "196": 0.01,
    "110": 0.8345565284945283,
    "145": 0.1486028255441633,
    "134": 0.06432512878405829,
    "178": 0.4564650532347745,
    "197": 0.022026875779102395,
    "149": 0.010000022775041108,
    "200": 0.01191969070823836,
    "146": 0.49806493246453987,
    "193": 0.010000000000410207,
    "188": 0.010000000002755612,
    "126": 0.03404744713129728,
    "167": 0.01,
    "128": 0.010542137964332213,
    "103": 0.010000000000000002,
    "139": 0.7766993622406066,
    "182": 0.4232318349389857,
    "187": 0.011117776077070145,
    "353": 0.01000000000000023,
    "328": 0.010025037315622218,
    "503": 0.8531809084497953,
    "296": 0.010000000009018026,
    "368": 0.6292754550592198,
    "248": 0.01,
    "361": 0.010000000000000002,
    "247": 0.8183084389347921,
    "531": 0.5624139671175105,
    "454": 0.7586625712937184,
    "385": 0.1222005996674048,
    "246": 0.010031533175603461,
    "483": 0.010089790952804288,
    "357": 0.39927078017728507,
    "281": 0.01000000009685896,
    "308": 0.01,
    "613": 0.057057620474309206,
    "448": 0.01,
    "522": 0.010000619646151307,
    "421": 0.1994051032274748,
    "355": 0.01000000025898151,
    "588": 0.025441307993507342,
    "458": 0.10766952708381954,
    "469": 0.010000000019973808,
    "500": 0.01,
    "253": 0.6936023033591121,
    "321": 0.554594157555462,
    "430": 0.015099675338220968,
    "450": 0.06884734534653945,
    "467": 0.3831020615720543,
    "317": 0.01,
    "554": 0.01,
    "243": 0.46698688651993425,
    "619": 0.03971100313924907,
    "334": 0.01,
    "260": 0.24642399350028207,
    "428": 0.42379584855594404,
    "264": 0.6758641202605873,
    "346": 0.048858718577667194,
    "258": 0.01,
    "266": 0.5374092568417643,
    "336": 0.9041584267450975,
    "532": 0.010000000192567386,
    "359": 0.8616096657857714,
    "272": 0.5941416214638421,
    "280": 0.010000460240284986,
    "444": 0.010000000005764004,
    "370": 0.010000000000000018,
    "351": 0.01,
    "456": 0.010000000000000004,
    "393": 0.047874360361300314,
    "576": 0.01,
    "589": 0.01,
    "389": 0.1273529046038525,
    "459": 0.1842531848319647,
    "488": 0.9039422417930314,
    "440": 0.010000000000001334,
    "502": 0.010000000000000002,
    "566": 0.014901743315032029,
    "379": 0.755020805381048,
    "276": 0.011876958913229697,
    "398": 0.010000000000000002,
    "490": 0.2394526435708184,
    "516": 0.01,
    "306": 0.6639350955022092,
    "222": 0.6904855980869037,
    "538": 0.1617113533269708,