{
    "76": 0.010009811500768476,
    "58": 0.28296239485146996,
    "10": 0.42736290882354216,
    "26": 0.09645491741544086,
    "57": 0.028990425261694347,
    "3": 0.27870402208331313,
    "81": 0.010000000000063937,
    "20": 0.10865127955129147,
    "33": 0.010042637316568083,
    "50": 0.012135352534754283,
    "4": 0.06843132907709526,
    "47": 0.010000467954113761,
    "61": 0.010010681357749207,
    "67": 0.010000000015288665,
    "88": 0.6121148201681994,
    "53": 0.010000000000000004,
    "42": 0.010000000000000004,
    "83": 0.389380210636138,
    "34": 0.4778010429259578,
    "13": 0.20811204935567773,
    "43": 0.010000015566931711,
    "90": 0.3365490578368611,
    "22": 0.22504278983313866,
    "49": 0.03184780002747978,
    "11": 0.07510717191815668,
    "15": 0.4655496944849107,
    "62": 0.010000000000000012,
    "25": 0.020932562687987998,
    "65": 0.14561855498931803,
    "51": 0.06864269989647936,
    "84": 0.010000000001446633,
    "99": 0.4561094519528218,
    "37": 0.01931907494680757,
    "72": 0.010000000000000004,
    "46": 0.034684313945738364,
    "21": 0.24243191854204696,
    "2": 0.3549412041249206,
    "6": 0.2791353206865293,
    "79": 0.010001654935984289,
    "30": 0.010000000000000012,
    "63": 0.010000005449859996,
    "87": 0.43856741156436213,
    "28": 0.1736127177617585,
    "24": 0.6878136283532157,
    "95": 0.2774183336285595,
    "5": 0.02313332512377468,
    "35": 0.12184720746424305,
    "48": 0.010000000000000004,
    "39": 0.010000000000000004,
    "77": 0.010000000000000136,
    "74": 0.01569173191175732,
    "7": 0.465171146095648,
    "8": 0.010000114394122834,
    "23": 0.010002260528155527,
    "66": 0.010012853926068065,
    "68": 0.012284314513002869,
    "29": 0.027395647932663025,
    "80": 0.010119922418982836,
    "52": 0.01157362556787527,
    "91": 0.010062240850759251,
    "59": 0.011597155356973431,
    "86": 0.09819829744404417,
    "1": 0.4650640245546339,
    "92": 0.08497607924295399,
    "82": 0.11686188277314119,
    "89": 0.050907794191585434,
    "14": 0.5747171454589242,
    "38": 0.010001231206377656,
    "12": 0.4369094279385625,
    "40": 0.010000000000000012,
    "69": 0.27738489064697697,
    "85": 0.183219579734135,
    "18": 0.09410480432260321,
    "16": 0.43048451733614057,
    "70": 0.07649921987346872,
    "41": 0.010000000000000004,
    "98": 0.11270243613907796,
    "60": 0.010000055889326807,
    "78": 0.010005270752192,
    "19": 0.5477039446057319,
    "45": 0.30226992331132846,
    "96": 0.3445318457227633,
    "93": 0.010000000000000004,
    "0": 0.34275046446943425,
    "17": 0.010015228535581058,
    "71": 0.012999463857051835,
    "36": 0.6070412867727248,
    "27": 0.13794146635922983,
    "54": 0.010021186245104813,
    "97": 0.36709287149241526,
    "94": 0.01897360395561145,
    "56": 0.046102335939424935,
    "31": 0.3629335105726479,
    "32": 0.010000000000000004,
    "44": 0.02475634948967912,
    "64": 0.010310505906827595,
    "9": 0.7494649603187672,
    "73": 0.01519388959080567,
    "55": 0.010000001783453172,
    "75": 0.011670302259182185,
    "124": 0.2927712338314046,
    "121": 0.010000000000000004,
    "117": 0.010074300917977508,
    "122": 0.010000460836085065,
    "109": 0.4890866189067792,
    "120": 0.010000000000000004,
    "118": 0.010000000000000004,
    "123": 0.010000000000003466,
    "106": 0.010000000000000012,
    "119": 0.4942737765834382,
    "104": 0.2455502563743622,
    "113": 0.018382332289074085,
    "102": 0.1305400679172179,
    "158": 0.01371274084404441,
    "132": 0.6149367340179339,
    "135": 0.6196316018769759,
    "166": 0.010000346056353407,
    "151": 0.39993294880317076,
    "190": 0.10553650719180328,
    "154": 0.010000000000000004,
    "181": 0.2925029704730081,
    "153": 0.047945835572885405,
    "185": 0.010370072041801466,
    "107": 0.010000000000000004,
    "175": 0.29422728757957706,
    "148": 0.13508414723650955,
    "168": 0.05114337949633439,
    "140": 0.010000000000000004,
    "150": 0.5247075562502105,
    "143": 0.6706204768242661,
    "100": 0.010168144533294496,
    "125": 0.14127259940408762,
    "105": 0.010002133594503205,
    "147": 0.4330992633977277,
    "112": 0.010000000000000004,
    "192": 0.40887008400655483,
    "133": 0.010000000000000004,
    "108": 0.01159881594461638,
    "136": 0.010000000000000004,
    "177": 0.1715199549235273,
    "127": 0.16682167932131312,
    "111": 0.40155154916276126,
    "191": 0.010000040730902403,
    "180": 0.010000247829332558,
    "162": 0.04630918540670889,
    "141": 0.2682620713166324,
    "101": 0.29698226351891055,
    "176": 0.010000000000056927,
    "114": 0.17892319079200195,
    "169": 0.10578790112747784,
    "161": 0.010000000000000004,
    "174": 0.01861833558554579,
    "155": 0.07392547124558539,
    "172": 0.31514288370645,
    "138": 0.022133692598791402,
    "142": 0.3620184415258918,
    "137": 0.035233588452790676,
    "171": 0.04544729406555595,
    "157": 0.4715354098823623,
    "163": 0.010000000000000012,
    "159": 0.08334899748204651,
    "152": 0.3884094108539732,
    "170": 0.010000000000000004,
    "115": 0.024108114448985366,
    "184": 0.6644197538206852,
    "116": 0.013199530039310467,
    "130": 0.7238986987876059,
    "129": 0.2444177087386476,
    "186": 0.5312075652683425,
    "165": 0.010000000007787365,
    "173": 0.1552069302902274,
    "156": 0.0901404468532261,
    "164": 0.1830658790913777,
    "202": 0.010005155355065938,
    "198": 0.016091273947663746,
    "194": 0.11823558984959356,
    "183": 0.25971523587574935,
    "160": 0.5376786324339171,
    "131": 0.010000000017800355,
    "201": 0.36379047420475863,
    "195": 0.010000000000000004,
    "144": 0.5435450875289419,
    "203": 0.2052145933352594,
    "189": 0.48114842768179467,
    "196": 0.010000000000127424,
    "110": 0.24642742401812884,
    "145": 0.05233470293254539,
    "134": 0.17112007504258878,
    "178": 0.7906397194138772,
    "197": 0.31322061015374936,
    "149": 0.021335088480168747,
    "200": 0.14813791582171262,
    "146": 0.2652941245260319,
    "193": 0.1450621857992043,
    "188": 0.010001121524844917,
    "126": 0.011683454562096659,
    "167": 0.010001177755213269,
    "128": 0.418779088888353,
    "103": 0.01011726637539533,
    "139": 0.25034993816689116,
    "182": 0.5096656461859235,
    "187": 0.02565996840985265,
    "353": 0.010000382508514712,
    "328": 0.010000305235147947,
    "503": 0.13043923587751713,
    "296": 0.010000000000000012,
    "368": 0.626421014799609,
    "248": 0.01094879584517478,
    "361": 0.010000075142480176,
    "247": 0.549492972062346,
    "531": 0.010000000000000004,
    "454": 0.08236151411271259,
    "385": 0.16575025511606797,
    "246": 0.010000000288720905,
    "483": 0.20913184170180096,
    "357": 0.566541952962721,
    "281": 0.03808258607913629,
    "308": 0.012214520309747307,
    "613": 0.5866896484266424,
    "448": 0.010051538308074398,
    "522": 0.09599203370464512,
    "421": 0.41028494736272453,
    "355": 0.025511265203644558,
    "588": 0.3298772344178787,
    "458": 0.6101449138594505,
    "469": 0.010000006588531814,
    "500": 0.010000038256800034,
    "253": 0.10908295319384274,
    "321": 0.1327711156279553,
    "430": 0.03337133574528046,
    "450": 0.17877272059469673,
    "467": 0.22284120685450523,
    "317": 0.010336531634432485,
    "554": 0.010000000000000004,
    "243": 0.4202343982821711,
    "619": 0.010046402266852696,
    "334": 0.010011507548380665,
    "260": 0.03913712420607473,
    "428": 0.011236350545787734,
    "264": 0.7010334965298675,
    "346": 0.2836080065433639,
    "258": 0.010002790231584352,
    "266": 0.2225633032759939,
    "336": 0.622626061733281,
    "532": 0.010000000000000004,
    "359": 0.6358599099149131,
    "272": 0.46712647739224183,
    "280": 0.010719606635846453,
    "444": 0.010000000000221741,
    "370": 0.010244011559293456,
    "351": 0.010000000000000004,
    "456": 0.01000000195691502,