{
    "76": 0.010175467357373538,
    "58": 0.3780926063187308,
    "10": 0.3930963463554035,
    "26": 0.01014608264735485,
    "57": 0.15694448106451692,
    "3": 0.24994802839595295,
    "81": 0.010004185464945772,
    "20": 0.05738562429391142,
    "33": 0.057000720966518474,
    "50": 0.01000000000002243,
    "4": 0.05580153658504135,
    "47": 0.010014372678953288,
    "61": 0.3642147305695395,
    "67": 0.150298168761498,
    "88": 0.5393713429755289,
    "53": 0.010000003470087091,
    "42": 0.010000000565352607,
    "83": 0.11430718246329026,
    "34": 0.2835091232488673,
    "13": 0.19913026977660409,
    "43": 0.0359980859252856,
    "90": 0.3831169314838679,
    "22": 0.6695248756988096,
    "49": 0.020211688993319276,
    "11": 0.5774122518998455,
    "15": 0.2008646091923383,
    "62": 0.010001469427385808,
    "25": 0.010000000000013276,
    "65": 0.01000000000000001,
    "51": 0.010023767627847416,
    "84": 0.016807449330096622,
    "99": 0.29671827721426464,
    "37": 0.022124229176885567,
    "72": 0.010000000000000004,
    "46": 0.010023094630478133,
    "21": 0.010009803143390616,
    "2": 0.20518364998694308,
    "6": 0.7618265138091808,
    "79": 0.010008667290548865,
    "30": 0.010000000000036898,
    "63": 0.059404596788026114,
    "87": 0.38800603944983636,
    "28": 0.5637949398366339,
    "24": 0.15770306767077005,
    "95": 0.12926579495956225,
    "5": 0.05517135093941122,
    "35": 0.03761952838413369,
    "48": 0.010000282861321319,
    "39": 0.010000000000000005,
    "77": 0.01000001936232509,
    "74": 0.010025462712598602,
    "7": 0.24724020090265256,
    "8": 0.010000001193526125,
    "23": 0.010000000000000004,
    "66": 0.01611825820996465,
    "68": 0.1653639522486008,
    "29": 0.010027212527384397,
    "80": 0.01000021893780312,
    "52": 0.04957906150594293,
    "91": 0.010006424158117536,
    "59": 0.010000000000000002,
    "86": 0.09819829744404417,
    "1": 0.47124459733887875,
    "92": 0.04878435753535686,
    "82": 0.477894653808338,
    "89": 0.2538355935405415,
    "14": 0.5399834905598558,
    "38": 0.07954524945898181,
    "12": 0.7210734256276581,
    "40": 0.010000000000008632,
    "69": 0.3173327497550053,
    "85": 0.17390190085352736,
    "18": 0.17614413174311494,
    "16": 0.5216655330589763,
    "70": 0.3323825662361564,
    "41": 0.01000000000054288,
    "98": 0.010000225227352172,
    "60": 0.010360494951313165,
    "78": 0.1902989089289047,
    "19": 0.40084902374313286,
    "45": 0.1266798781389789,
    "96": 0.05362484826904195,
    "93": 0.010117440975452344,
    "0": 0.5743864973185955,
    "17": 0.01007997239549951,
    "71": 0.010005981492663726,
    "36": 0.05524084126188605,
    "27": 0.04265209857469865,
    "54": 0.010033469635444285,
    "97": 0.5785712855179541,
    "94": 0.011998803721470821,
    "56": 0.39302649929914246,
    "31": 0.30472268886358944,
    "32": 0.010000000002730033,
    "44": 0.010010506584113938,
    "64": 0.10580085874750421,
    "9": 0.6392882500967644,
    "73": 0.022100900473686187,
    "55": 0.010000000000000004,
    "75": 0.010000181902130529,
    "124": 0.39389154937306803,
    "121": 0.010000182560104185,
    "117": 0.010000000000000004,
    "122": 0.010006629837470655,
    "109": 0.47502622766933583,
    "120": 0.010000000000000004,
    "118": 0.010000010738511448,
    "123": 0.17417560580977148,
    "106": 0.01000000010338269,
    "119": 0.3344855930737522,
    "104": 0.5691986508099911,
    "113": 0.37794147846977316,
    "102": 0.01145562945195249,
    "158": 0.010006885210665376,
    "132": 0.4829999274464059,
    "135": 0.012209084130996545,
    "166": 0.01129310874009848,
    "151": 0.2331464616352149,
    "190": 0.17402455469397937,
    "154": 0.010000000006450722,
    "181": 0.01953333495849525,
    "153": 0.29414560488352365,
    "185": 0.010136770531600515,
    "107": 0.010000000000000004,
    "175": 0.11301661091226939,
    "148": 0.25480983991622147,
    "168": 0.23740412848243228,
    "140": 0.010000000001551051,
    "150": 0.5044180949330961,
    "143": 0.09738463214074174,
    "100": 0.01081737298502253,
    "125": 0.3383549333731895,
    "105": 0.010000000000000004,
    "147": 0.2021915337968213,
    "112": 0.010257427170261589,
    "192": 0.2819942184254652,
    "133": 0.01000063481769886,
    "108": 0.010373484393349054,
    "136": 0.010000008535814798,
    "177": 0.26472614220137597,
    "127": 0.5155340884457699,
    "111": 0.8093633004387204,
    "191": 0.010050290908474596,
    "180": 0.010439985503613362,
    "162": 0.26232977406140245,
    "141": 0.07818675710071145,
    "101": 0.09634830120053019,
    "176": 0.010000000000502544,
    "114": 0.2809576473351184,
    "169": 0.03347084698229298,
    "161": 0.010000000000000004,
    "174": 0.02256544307027775,
    "155": 0.5060350875472136,
    "172": 0.26492534122521316,
    "138": 0.010067504767562659,
    "142": 0.6383848684679466,
    "137": 0.31646344724655123,
    "171": 0.017391425517205548,
    "157": 0.2585941055727568,
    "163": 0.010000000000000004,
    "159": 0.39344288379480796,
    "152": 0.30243363687538455,
    "170": 0.010000000000000004,
    "115": 0.1944806931528117,
    "184": 0.547086243410094,
    "116": 0.01657267531065573,
    "130": 0.7034486714154234,
    "129": 0.41524694111565214,
    "186": 0.6230911489266687,
    "165": 0.01239603213564617,
    "173": 0.12707326988595122,
    "156": 0.0431706865571094,
    "164": 0.011780387976673303,
    "202": 0.010000001158120116,
    "198": 0.24206139504168708,
    "194": 0.010000000000000004,
    "183": 0.5328098399575373,
    "160": 0.4534602203245984,
    "131": 0.010164793219970618,
    "201": 0.27277369821819314,
    "195": 0.021949374070764267,
    "144": 0.3633776872866975,
    "203": 0.25035935134543436,
    "189": 0.14623305535820844,
    "196": 0.010000000000000004,
    "110": 0.6879990060800576,
    "145": 0.4947009448148103,
    "134": 0.187969635311549,
    "178": 0.45561330680496603,
    "197": 0.6900470904886775,
    "149": 0.0172607793177209,
    "200": 0.17192766467932674,
    "146": 0.22573598852763968,
    "193": 0.4348468035058875,
    "188": 0.09789178321299154,
    "126": 0.11720264421466711,
    "167": 0.010001826270695825,
    "128": 0.6386937643268584,
    "103": 0.016103663561341564,
    "139": 0.3079424007197861,
    "182": 0.29555862449563874,
    "187": 0.011030189145171692,
    "353": 0.14878264098390515,
    "328": 0.05157811141973491,
    "503": 0.045327244627041,
    "296": 0.010000000255974518,
    "368": 0.6998125793434781,
    "248": 0.010262556011769845,
    "361": 0.013149234012132093,
    "247": 0.4954860166709666,
    "531": 0.010000000001661992,
    "454": 0.6599618393596297,
    "385": 0.33025652733328476,
    "246": 0.01025627430776024,
    "483": 0.4707124075276256,
    "357": 0.6738192756970871,
    "281": 0.010031854532586747,
    "308": 0.020694679760692683,
    "613": 0.6711009872032256,
    "448": 0.01000000399186543,
    "522": 0.35628483231616837,
    "421": 0.44604033646974217,
    "355": 0.010000000639936342,
    "588": 0.3459131411703899,
    "458": 0.47015052784060807,
    "469": 0.01000097934805069,
    "500": 0.011961370466798266,
    "253": 0.0775105688449905,
    "321": 0.0718598087932443,
    "430": 0.0567465232480986,
    "450": 0.013326514624067195,
    "467": 0.22862027386299968,
    "317": 0.010000042664621284,
    "554": 0.010000000000000004,
    "243": 0.37373896091243275,
    "619": 0.010000001039670397,
    "334": 0.010000000038098237,
    "260": 0.014203529786787027,
    "428": 0.2542968233905508,
    "264": 0.39612899604437785,
    "346": 0.08650279385887295,
    "258": 0.04093661556537348,
    "266": 0.2576056929531289,
    "336": 0.36960968477253286,
    "532": 0.010053430450630906,
    "359": 0.4919667970060262,
    "272": 0.4570957842923556,
    "280": 0.010000363405221932,
    "444": 0.16495623447098956,
    "370": 0.023904263387336096,
    "351": 0.010000000000000004,
    "456": 0.014581318641224097,
    "393": 0.4773578375101101,