{
    "76": 0.17413142096846082,
    "58": 0.6160605659167788,
    "10": 0.0342014119342567,
    "26": 0.029540675165111805,
    "57": 0.2661944840723705,
    "3": 0.49850474960248536,
    "81": 0.37558004186961397,
    "20": 0.3749108790508974,
    "33": 0.09710522776879744,
    "50": 0.26674546127029947,
    "4": 0.3205561041844283,
    "47": 0.25955744912414075,
    "61": 0.013447417935788927,
    "67": 0.5516805941982867,
    "88": 0.415804544030431,
    "53": 0.1844201203427282,
    "42": 0.0100525801263419,
    "83": 0.41864270525022457,
    "34": 0.4753697090989069,
    "13": 0.3367603258195848,
    "43": 0.3822602583508414,
    "90": 0.5431831207600701,
    "22": 0.2524509320078392,
    "49": 0.10121019005605394,
    "11": 0.3415488892712673,
    "15": 0.14871866990275248,
    "62": 0.250376145395409,
    "25": 0.18829515264026994,
    "65": 0.010679315726237528,
    "51": 0.37794929386199755,
    "84": 0.4107341717394828,
    "99": 0.4446045408442424,
    "37": 0.2198665772299921,
    "72": 0.01408516645604627,
    "46": 0.1882160315716767,
    "21": 0.47916456791327283,
    "2": 0.40217646884747543,
    "6": 0.4774472575958336,
    "79": 0.3253135963936451,
    "30": 0.010029117105040225,
    "63": 0.39914258766088995,
    "87": 0.5725856392304686,
    "28": 0.5655984251240439,
    "24": 0.5250416578964872,
    "95": 0.5789752535351584,
    "5": 0.020444846108862026,
    "35": 0.38416572480877675,
    "48": 0.3199570902425898,
    "39": 0.12338170895301963,
    "77": 0.20666154124025915,
    "74": 0.2583878003704883,
    "7": 0.5303463077213746,
    "8": 0.054502297569259915,
    "23": 0.22383043002976652,
    "66": 0.0871708873515894,
    "68": 0.35431605747242667,
    "29": 0.23106735326870784,
    "80": 0.4245731338168371,
    "52": 0.40095870147785867,
    "91": 0.45847791790033665,
    "59": 0.37385409495772376,
    "86": 0.09819829744404417,
    "1": 0.44507526675293185,
    "92": 0.5519604134462387,
    "82": 0.4953074815528771,
    "89": 0.42160742604295154,
    "14": 0.4655037134793555,
    "38": 0.048961971576051214,
    "12": 0.4208778550010752,
    "40": 0.08017422293746249,
    "69": 0.4547324069224968,
    "85": 0.31212058943341353,
    "18": 0.48454937501337847,
    "16": 0.47256446056863294,
    "70": 0.4190222575647069,
    "41": 0.01636828769805887,
    "98": 0.03535336268495446,
    "60": 0.29859339336868124,
    "78": 0.2952481216161055,
    "19": 0.6078645863158623,
    "45": 0.3719648008448613,
    "96": 0.42479617355490523,
    "93": 0.36778440508806504,
    "0": 0.28096664496173385,
    "17": 0.23009154720709843,
    "71": 0.17988674632387547,
    "36": 0.3277062332734812,
    "27": 0.22511104424576042,
    "54": 0.20975926601806016,
    "97": 0.595202399439227,
    "94": 0.20589422938445145,
    "56": 0.4274757048038348,
    "31": 0.19499066499347012,
    "32": 0.2024784071543634,
    "44": 0.35520427922879405,
    "64": 0.3693490776492083,
    "9": 0.46234810054702014,
    "73": 0.265470900964658,
    "55": 0.04170377781702108,
    "75": 0.492561061799139,
    "124": 0.4776169997583512,
    "121": 0.3212663222068899,
    "117": 0.13422242826827585,
    "122": 0.37842989683417444,
    "109": 0.38443040512070786,
    "120": 0.029421392717538016,
    "118": 0.010000124496657613,
    "123": 0.3317067118211229,
    "106": 0.21058304539830305,
    "119": 0.1505879395931617,
    "104": 0.3828433324510141,
    "113": 0.5196036964084898,
    "102": 0.5800288608886146,
    "158": 0.27083107735655876,
    "132": 0.5278796161365089,
    "135": 0.35303711810692723,
    "166": 0.010000098230896539,
    "151": 0.3222061343985766,
    "190": 0.5514167132014158,
    "154": 0.5447858527048288,
    "181": 0.3535250970393309,
    "153": 0.20561629858258285,
    "185": 0.4473596402110825,
    "107": 0.01,
    "175": 0.11534542944444331,
    "148": 0.5222678960850176,
    "168": 0.49374754426879053,
    "140": 0.010094070423550466,
    "150": 0.5420582682960611,
    "143": 0.5284508279789383,
    "100": 0.010014325756000144,
    "125": 0.4567850178429268,
    "105": 0.016522940563846754,
    "147": 0.45146060519248715,
    "112": 0.22083917285608234,
    "192": 0.27192666147075945,
    "133": 0.17372546607975908,
    "108": 0.26274864168115875,
    "136": 0.2538616388630209,
    "177": 0.5580908657543114,
    "127": 0.3779158395800605,
    "111": 0.5641332038099396,
    "191": 0.05437927834279842,
    "180": 0.010000109212155975,
    "162": 0.21487950145856088,
    "141": 0.4170883408627642,
    "101": 0.44959947872433886,
    "176": 0.01646999190989574,
    "114": 0.2722751308620924,
    "169": 0.43473547009652835,
    "161": 0.3045846202171809,
    "174": 0.18837882616740761,
    "155": 0.23250039790639498,
    "172": 0.5070623010282611,
    "138": 0.41250406332144524,
    "142": 0.3930656039272168,
    "137": 0.5122751465618994,
    "171": 0.308893567466551,
    "157": 0.3548676615765312,
    "163": 0.09299995571230824,
    "159": 0.2687044551267461,
    "152": 0.3901666894065547,
    "170": 0.01363115448037671,
    "115": 0.3863553763500346,
    "184": 0.49218952225805884,
    "116": 0.5313774535425233,
    "130": 0.3714569576996959,
    "129": 0.44317722542443805,
    "186": 0.33060378997020506,
    "165": 0.010000528796134629,
    "173": 0.20270554186471845,
    "156": 0.03810154729530067,
    "164": 0.33955540256936684,
    "202": 0.01142421146824627,
    "198": 0.32425007642524856,
    "194": 0.2220179327800236,
    "183": 0.1362827961578072,
    "160": 0.3593275315639676,
    "131": 0.014206183575239973,
    "201": 0.3740144960675783,
    "195": 0.4257519866918978,
    "144": 0.40317262367623313,
    "203": 0.3716071073522608,
    "189": 0.4920242106547523,
    "196": 0.09529842100564564,
    "110": 0.4323040978781563,
    "145": 0.5085130815003726,
    "134": 0.17177153924360944,
    "178": 0.5533158667384116,
    "197": 0.5321410396235571,
    "149": 0.46780037232721045,
    "200": 0.4596294175041051,
    "146": 0.543118256238835,
    "193": 0.07371887008863391,
    "188": 0.1283001149349988,
    "126": 0.07729160376032805,
    "167": 0.0854323681759765,
    "128": 0.09337226532144,
    "103": 0.07246736104585826,
    "139": 0.3063191290224019,
    "182": 0.3041873189819695,
    "187": 0.11471391689218889,
    "353": 0.1741763567164779,
    "328": 0.4916908705489186,
    "503": 0.3558395090963648,
    "296": 0.3178594291560022,
    "368": 0.29821338596443314,
    "248": 0.12184180112742941,
    "361": 0.39617514590364633,
    "247": 0.4547394408193297,
    "531": 0.4384430045015784,
    "454": 0.548544157919189,
    "385": 0.493962403826638,
    "246": 0.010511594875848903,
    "483": 0.20552125049693745,
    "357": 0.31810622312678377,
    "281": 0.4356341890151409,
    "308": 0.40297010251596527,
    "613": 0.5595821219929993,
    "448": 0.3249126526712671,
    "522": 0.28860897867509705,
    "421": 0.10917067468028996,
    "355": 0.38845834528804574,
    "588": 0.25650307745199863,
    "458": 0.2506059118394483,
    "469": 0.047444850998117044,
    "500": 0.07374066618130186,
    "253": 0.29625575371575963,
    "321": 0.507908225326815,
    "430": 0.39749025029461915,
    "450": 0.46406006230222824,
    "467": 0.49864557948077287,
    "317": 0.0820583491806084,
    "554": 0.27395328462094626,
    "243": 0.4555547645539767,
    "619": 0.2781801345568448,
    "334": 0.02383076495452181,
    "260": 0.45380667173322237,
    "428": 0.30642087723713823,
    "264": 0.40233918153896536,
    "346": 0.2801970805361159,
    "258": 0.08333425661548612,
    "266": 0.5217808603745245,
    "336": 0.44052641006527743,
    "532": 0.2974558388690023,
    "359": 0.5564948028550687,
    "272": 0.42757411290674385,
    "280": 0.010009910654717959,
    "444": 0.010184333452828142,
    "370": 0.0184725255479641,
    "351": 0.05054530370453447,
    "456": 0.294579226412524,
    "393": 0.3128410518513886,
    "576": 0.05783801348029549,
    "589": 0.07618960113208748,
    "389": 0.5051556777990199,
    "459": 0.5295516318868153,