{
    "76": 0.010633894350033727,
    "58": 0.37237014994235856,
    "10": 0.1558284134107853,
    "26": 0.010058145685134993,
    "57": 0.15579152431056756,
    "3": 0.3496108727835477,
    "81": 0.010129368697662185,
    "20": 0.04423513975923064,
    "33": 0.010000000000032816,
    "50": 0.010000000011340266,
    "4": 0.07905992245213504,
    "47": 0.25802924358080226,
    "61": 0.16685957645023816,
    "67": 0.013554441193764626,
    "88": 0.09969305784840789,
    "53": 0.010000078874448272,
    "42": 0.010000000000404524,
    "83": 0.17404045878570562,
    "34": 0.2904377449405687,
    "13": 0.6897305288710553,
    "43": 0.010051197995625434,
    "90": 0.4962058320314584,
    "22": 0.23389642255883605,
    "49": 0.010018175808061528,
    "11": 0.5908405291937133,
    "15": 0.3949383806744626,
    "62": 0.010002429153934156,
    "25": 0.010000000000006202,
    "65": 0.01000000000008397,
    "51": 0.08681758729027532,
    "84": 0.010001728314565247,
    "99": 0.5677884639838714,
    "37": 0.010463343840335223,
    "72": 0.010000000000000004,
    "46": 0.1768028619103861,
    "21": 0.010000000000011703,
    "2": 0.18439930738165947,
    "6": 0.31473539189595473,
    "79": 0.010871924957469001,
    "30": 0.010000000012680678,
    "63": 0.029901237773694675,
    "87": 0.5658514315292297,
    "28": 0.272938844140336,
    "24": 0.26453339253364005,
    "95": 0.2649193101390378,
    "5": 0.01552635219981538,
    "35": 0.019630396980369346,
    "48": 0.010000000003745756,
    "39": 0.010000001667602999,
    "77": 0.013103983213950086,
    "74": 0.014329621983732901,
    "7": 0.3554857231151189,
    "8": 0.06864551621691277,
    "23": 0.015008594341826036,
    "66": 0.010000000457273646,
    "68": 0.011161716836978888,
    "29": 0.010000000000000014,
    "80": 0.010005801890403182,
    "52": 0.06598148462084455,
    "91": 0.044620102175131876,
    "59": 0.010000000000094607,
    "86": 0.09819829744404417,
    "1": 0.5745165044306433,
    "92": 0.30810559008132143,
    "82": 0.19637943796368193,
    "89": 0.2610854680037226,
    "14": 0.42822940329559556,
    "38": 0.010000000000000004,
    "12": 0.2428780713304574,
    "40": 0.010000000000000004,
    "69": 0.3117779611777526,
    "85": 0.060342347536807235,
    "18": 0.11847571083760983,
    "16": 0.5628491129695553,
    "70": 0.04821676180474338,
    "41": 0.20610057450254796,
    "98": 0.059674381560247736,
    "60": 0.0446193765138234,
    "78": 0.010000050535293107,
    "19": 0.285672566803798,
    "45": 0.43659884122089027,
    "96": 0.22235028429614845,
    "93": 0.037626881535012216,
    "0": 0.5250390618601174,
    "17": 0.03136394667918137,
    "71": 0.010000000000000087,
    "36": 0.49372685638307895,
    "27": 0.11708795749213285,
    "54": 0.32661278064626703,
    "97": 0.31819936030091656,
    "94": 0.016508276730697283,
    "56": 0.05767420366877064,
    "31": 0.023120789338690786,
    "32": 0.012510265205228849,
    "44": 0.12095320978389212,
    "64": 0.02004893962877216,
    "9": 0.4342058971927308,
    "73": 0.010000000000002097,
    "55": 0.010505314926838082,
    "75": 0.010002864861191327,
    "124": 0.49857498634541764,
    "121": 0.010000135397347239,
    "117": 0.010000000001512813,
    "122": 0.010000000002811787,
    "109": 0.25560468488955346,
    "120": 0.010000000000000004,
    "118": 0.01791618387088368,
    "123": 0.010000098239209146,
    "106": 0.010000000000000004,
    "119": 0.22331604045525225,
    "104": 0.3102557751887996,
    "113": 0.03588839039887861,
    "102": 0.1003673414976685,
    "158": 0.010000000529415663,
    "132": 0.4666136887417412,
    "135": 0.5029793365364172,
    "166": 0.010000000000000004,
    "151": 0.49243889282422265,
    "190": 0.27721927635743737,
    "154": 0.20343532590176297,
    "181": 0.19538457510423562,
    "153": 0.0100624481955277,
    "185": 0.010004017987490565,
    "107": 0.01000000036970625,
    "175": 0.27857921773387573,
    "148": 0.01002758624553648,
    "168": 0.3214664599047295,
    "140": 0.010000000000000004,
    "150": 0.33582467068629557,
    "143": 0.4431035401632414,
    "100": 0.010008797891809874,
    "125": 0.3273041182266008,
    "105": 0.010038692621523787,
    "147": 0.29529680583790335,
    "112": 0.05974005177923599,
    "192": 0.022908127010472408,
    "133": 0.010000000000000004,
    "108": 0.2246525523550399,
    "136": 0.010273348330138182,
    "177": 0.09364861423029583,
    "127": 0.49588851516477567,
    "111": 0.4502593412177931,
    "191": 0.05398731774719116,
    "180": 0.010000000069386485,
    "162": 0.17182597665648794,
    "141": 0.21801470069312698,
    "101": 0.45884426258535693,
    "176": 0.010003229778257286,
    "114": 0.05908288374492228,
    "169": 0.012294624750116678,
    "161": 0.010000000001322111,
    "174": 0.08000450732453485,
    "155": 0.24545706916634571,
    "172": 0.35865034281193525,
    "138": 0.19379291759772244,
    "142": 0.2748135511597093,
    "137": 0.31756248393677305,
    "171": 0.06529894336691548,
    "157": 0.010421307209133944,
    "163": 0.010000000000000007,
    "159": 0.1031669425369486,
    "152": 0.2485515003372604,
    "170": 0.16623307344862492,
    "115": 0.011190304293084853,
    "184": 0.5531296933732746,
    "116": 0.010230535257553205,
    "130": 0.3846867239633017,
    "129": 0.13387653194450444,
    "186": 0.2950513227717983,
    "165": 0.010056968733012182,
    "173": 0.40775727059190314,
    "156": 0.010056617552336184,
    "164": 0.05110046731383975,
    "202": 0.010008255919010332,
    "198": 0.015781050461895114,
    "194": 0.010001824785069599,
    "183": 0.26079084393264385,
    "160": 0.25803637451796074,
    "131": 0.010000000000000004,
    "201": 0.3216823531373271,
    "195": 0.010000000000000004,
    "144": 0.4373966013777208,
    "203": 0.14817466860169456,
    "189": 0.2070227902669689,
    "196": 0.09466609385532895,
    "110": 0.47243343352421896,
    "145": 0.2720876164978011,
    "134": 0.4242715450141928,
    "178": 0.17384725110472335,
    "197": 0.5035199088289624,
    "149": 0.03341328179119492,
    "200": 0.010003351145347133,
    "146": 0.2257562606114756,
    "193": 0.18619875606458214,
    "188": 0.010011597198851441,
    "126": 0.04904637977897764,
    "167": 0.010000000000000004,
    "128": 0.19521029869257733,
    "103": 0.01000001023022208,
    "139": 0.1610228419395447,
    "182": 0.1813762594159471,
    "187": 0.010000000000000004,
    "353": 0.011000560216084294,
    "328": 0.01013180639784523,
    "503": 0.04539540859053235,
    "296": 0.030524715339765748,
    "368": 0.6699641438818276,
    "248": 0.05079937516038172,
    "361": 0.19414647342954225,
    "247": 0.34188081095817785,
    "531": 0.010000000791108809,
    "454": 0.5632789977422266,
    "385": 0.2693246639672068,
    "246": 0.09603829948292389,
    "483": 0.6775718139657448,
    "357": 0.302498013563368,
    "281": 0.048300914646056486,
    "308": 0.13338074305467845,
    "613": 0.6123516686450157,
    "448": 0.11869914919266156,
    "522": 0.30503746222072997,
    "421": 0.38232778427603215,
    "355": 0.013148891870799427,
    "588": 0.359007160547994,
    "458": 0.39847131122169016,
    "469": 0.13881549117330105,
    "500": 0.010000003416502177,
    "253": 0.04856125094223427,
    "321": 0.5795530978864877,
    "430": 0.3201393222757987,
    "450": 0.03507701243240337,
    "467": 0.04014761182475509,
    "317": 0.011893878475775098,
    "554": 0.010000000000000545,
    "243": 0.44579283997371993,
    "619": 0.22525258522601468,
    "334": 0.01000000002366563,
    "260": 0.012141134835233559,
    "428": 0.19243792671485574,
    "264": 0.3178686676151779,
    "346": 0.31795253309263793,
    "258": 0.010037186332858999,
    "266": 0.05921091613440252,
    "336": 0.579746994265856,
    "532": 0.010000000000000012,
    "359": 0.2575006903638066,
    "272": 0.24730547121725205,
    "280": 0.03667126035706663,
    "444": 0.010000000714531368,
    "370": 0.010000000028841988,
    "351": 0.010000000000000004,
    "456": 0.010002190559925205,