{
    "76": 0.015752853837233995,
    "58": 0.23291303523963505,
    "10": 0.16525320664066062,
    "26": 0.028005115109023464,
    "57": 0.1830442396392635,
    "3": 0.2926561777241422,
    "81": 0.010470401866921454,
    "20": 0.35104408385430635,
    "33": 0.014984363813376983,
    "50": 0.010557587054877422,
    "4": 0.3264474054085693,
    "47": 0.010766205295595976,
    "61": 0.010000000025256901,
    "67": 0.010901987033847193,
    "88": 0.4440640012060315,
    "53": 0.010000000002223718,
    "42": 0.010000000000000012,
    "83": 0.2993857754878568,
    "34": 0.10762745726621419,
    "13": 0.4421839108033671,
    "43": 0.010024638178585,
    "90": 0.27126299071058185,
    "22": 0.1505874212127654,
    "49": 0.010000000000000012,
    "11": 0.448239996898868,
    "15": 0.426815508217159,
    "62": 0.018610862052892304,
    "25": 0.011071663035459724,
    "65": 0.010000000000000012,
    "51": 0.3184950845976994,
    "84": 0.010205749244776408,
    "99": 0.556552138531046,
    "37": 0.0970290969052901,
    "72": 0.010000000000000004,
    "46": 0.010000000000000004,
    "21": 0.011669856726469214,
    "2": 0.3866101232560495,
    "6": 0.6463000563108685,
    "79": 0.010001426386486434,
    "30": 0.032586455335011595,
    "63": 0.02567874492297525,
    "87": 0.20710871066409456,
    "28": 0.32528486089015374,
    "24": 0.44410118520147684,
    "95": 0.13617045404647482,
    "5": 0.04128704640624246,
    "35": 0.019249871465765834,
    "48": 0.1069474390265086,
    "39": 0.010000001019483404,
    "77": 0.010085560350475722,
    "74": 0.47237397181802654,
    "7": 0.1489985081689569,
    "8": 0.010000000000000004,
    "23": 0.010056138206228832,
    "66": 0.011153298543017628,
    "68": 0.010052032344277078,
    "29": 0.10545289164479862,
    "80": 0.011143091166077805,
    "52": 0.07333998213890194,
    "91": 0.01003066258532774,
    "59": 0.017701277191286054,
    "86": 0.09819829744404417,
    "1": 0.534713724577382,
    "92": 0.28464312405635145,
    "82": 0.18717466871082145,
    "89": 0.32474331872321377,
    "14": 0.3457683700582862,
    "38": 0.010012018759261157,
    "12": 0.19719904896146886,
    "40": 0.019207693105826023,
    "69": 0.43064651106590923,
    "85": 0.010958875557438415,
    "18": 0.03487155676468627,
    "16": 0.37800410675351404,
    "70": 0.02704751499756318,
    "41": 0.010000001098817575,
    "98": 0.027130857048919797,
    "60": 0.09775902491643058,
    "78": 0.02801800482705885,
    "19": 0.4035079077161775,
    "45": 0.09676208451422638,
    "96": 0.1493294216786629,
    "93": 0.012841986972588489,
    "0": 0.18110058675483712,
    "17": 0.010000027288036069,
    "71": 0.010000000000000004,
    "36": 0.511027038841501,
    "27": 0.2663226469384008,
    "54": 0.010005496205851293,
    "97": 0.35084215208323616,
    "94": 0.05025335629717726,
    "56": 0.012769177227406038,
    "31": 0.016078729600005136,
    "32": 0.01000000000000005,
    "44": 0.010000153704376553,
    "64": 0.02788433401209315,
    "9": 0.7512389477356677,
    "73": 0.044406285521921704,
    "55": 0.010000004201433463,
    "75": 0.01049613925469831,
    "124": 0.3469186503007861,
    "121": 0.01000697078563425,
    "117": 0.010000000301191785,
    "122": 0.010000571188593505,
    "109": 0.578132305760608,
    "120": 0.010000000000000004,
    "118": 0.010000000034152688,
    "123": 0.01013865098369108,
    "106": 0.010000543242530252,
    "119": 0.4464396891914286,
    "104": 0.47315545691974076,
    "113": 0.18513005105229952,
    "102": 0.0327979674474066,
    "158": 0.12495924660858015,
    "132": 0.49793823910557017,
    "135": 0.21985109752681775,
    "166": 0.010023416451211267,
    "151": 0.29326732864330385,
    "190": 0.5096697667833875,
    "154": 0.03570888906145247,
    "181": 0.11202123691866873,
    "153": 0.011490313716153906,
    "185": 0.01860318947034701,
    "107": 0.010000000000000004,
    "175": 0.037941412277902806,
    "148": 0.07628993714792613,
    "168": 0.10832316626809177,
    "140": 0.023340005117086435,
    "150": 0.6038436102036483,
    "143": 0.12981365355592037,
    "100": 0.010244832377407467,
    "125": 0.4246173122622662,
    "105": 0.010024263195789175,
    "147": 0.02992216095357477,
    "112": 0.1250246148993667,
    "192": 0.025907511590423198,
    "133": 0.01001180145033485,
    "108": 0.02043122585112355,
    "136": 0.010109510073025872,
    "177": 0.12951191862369946,
    "127": 0.4602249316186238,
    "111": 0.6898591081237414,
    "191": 0.010056779664818325,
    "180": 0.012982838725361072,
    "162": 0.03338404075879445,
    "141": 0.05482509514905942,
    "101": 0.432811605188493,
    "176": 0.010000000000000004,
    "114": 0.15434231735540738,
    "169": 0.06671178292826394,
    "161": 0.010000000000000004,
    "174": 0.010014014888181138,
    "155": 0.016823725412468935,
    "172": 0.1860068108892945,
    "138": 0.11568507167365391,
    "142": 0.34000137518322665,
    "137": 0.08000008134209931,
    "171": 0.02160473787822383,
    "157": 0.31878181651330445,
    "163": 0.010280528594005443,
    "159": 0.05242312839971743,
    "152": 0.15098700445511473,
    "170": 0.010000122239168392,
    "115": 0.05202072305309841,
    "184": 0.5868066948105475,
    "116": 0.631039183333195,
    "130": 0.48544755713818555,
    "129": 0.4289724720247083,
    "186": 0.38552804247658407,
    "165": 0.010014765211788026,
    "173": 0.050404024861888275,
    "156": 0.020530900714894374,
    "164": 0.2091320357231312,
    "202": 0.010000023242032611,
    "198": 0.010000044830166217,
    "194": 0.010007738217501063,
    "183": 0.28414164259022734,
    "160": 0.3782121122044193,
    "131": 0.010000000000000004,
    "201": 0.14018992208395015,
    "195": 0.010000000000000012,
    "144": 0.3919865268407185,
    "203": 0.16912484505703193,
    "189": 0.0519389575920966,
    "196": 0.010001858277479861,
    "110": 0.29723586784500267,
    "145": 0.37250463390613464,
    "134": 0.6060720229411951,
    "178": 0.601687456684203,
    "197": 0.6009558922092542,
    "149": 0.22540851466119055,
    "200": 0.017261401689358205,
    "146": 0.2619914643120666,
    "193": 0.04244763775391093,
    "188": 0.010000000011994668,
    "126": 0.014835229849808732,
    "167": 0.010000000000000004,
    "128": 0.33038388087529796,
    "103": 0.2457546728763751,
    "139": 0.2642785555580671,
    "182": 0.15214157802344336,
    "187": 0.010000000000000004,
    "353": 0.010000410139288252,
    "328": 0.010597681795245256,
    "503": 0.04436996032540166,
    "296": 0.013258653507510494,
    "368": 0.25990298537093226,
    "248": 0.1518121865136572,
    "361": 0.010012504902064704,
    "247": 0.6030246394549316,
    "531": 0.3133959845961705,
    "454": 0.5320768706605835,
    "385": 0.27026122647549866,
    "246": 0.010000000000000142,
    "483": 0.33647489499549665,
    "357": 0.437716648756628,
    "281": 0.010878090213780249,
    "308": 0.010012925419841568,
    "613": 0.3805121810461626,
    "448": 0.010435033328536897,
    "522": 0.2403653432112766,
    "421": 0.43473057963968126,
    "355": 0.01000000436504721,
    "588": 0.3911597213775095,
    "458": 0.313219174282004,
    "469": 0.010013079732194258,
    "500": 0.010000103374405146,
    "253": 0.4535095738940765,
    "321": 0.010143468697304784,
    "430": 0.15435697270113471,
    "450": 0.1939206911236504,
    "467": 0.37697883660284287,
    "317": 0.010111559019604574,
    "554": 0.010000000000000907,
    "243": 0.37259536871429877,
    "619": 0.014800879942494476,
    "334": 0.010033473733189715,
    "260": 0.027393457995930674,
    "428": 0.022343582390876544,
    "264": 0.188161439138531,
    "346": 0.18708873437058127,
    "258": 0.010073855507450644,
    "266": 0.021542207793936518,
    "336": 0.49327790575766256,
    "532": 0.0111404207199247,
    "359": 0.474138169488352,
    "272": 0.5969652336979157,
    "280": 0.01030906588015857,
    "444": 0.010000000000000004,
    "370": 0.022231168497957584,
    "351": 0.011784255034557592,
    "456": 0.01000000008557797,