{
    "76": 0.01,
    "58": 0.6694199741049683,
    "10": 0.010000000000000182,
    "26": 0.011235043069420645,
    "57": 0.1604343802928234,
    "3": 0.44494093959299974,
    "81": 0.010128275938988662,
    "20": 0.4954253870897,
    "33": 0.010000297463457567,
    "50": 0.6338742994517756,
    "4": 0.016213547116992248,
    "47": 0.01000000000071342,
    "61": 0.013390010982175097,
    "67": 0.25202284972481936,
    "88": 0.5387159974745569,
    "53": 0.010000477701118579,
    "42": 0.01,
    "83": 0.6673073321189416,
    "34": 0.44190335068818015,
    "13": 0.16806535265503342,
    "43": 0.8596955354089495,
    "90": 0.6111619549549341,
    "22": 0.6892843592663244,
    "49": 0.010000000000000004,
    "11": 0.6181453337039088,
    "15": 0.8384872221836127,
    "62": 0.010000000000000002,
    "25": 0.19400256709317362,
    "65": 0.01,
    "51": 0.24395954459883748,
    "84": 0.010000000047511514,
    "99": 0.4787322019917532,
    "37": 0.012497551667653563,
    "72": 0.010000000000054063,
    "46": 0.01,
    "21": 0.010000000000007508,
    "2": 0.45412368970539657,
    "6": 0.7870922416325047,
    "79": 0.010000000000000028,
    "30": 0.01,
    "63": 0.518377333409656,
    "87": 0.788421296217412,
    "28": 0.8466766827376466,
    "24": 0.8131735209006621,
    "95": 0.06133133288804534,
    "5": 0.01000000000025021,
    "35": 0.2772762764710386,
    "48": 0.010000000000000004,
    "39": 0.010000008676708904,
    "77": 0.010279527495122946,
    "74": 0.010000000081174451,
    "7": 0.48316876904318445,
    "8": 0.01,
    "23": 0.01,
    "66": 0.010073690477407743,
    "68": 0.01862977898273084,
    "29": 0.0341332487348623,
    "80": 0.010000000000000047,
    "52": 0.02917171077181371,
    "91": 0.01000000000000068,
    "59": 0.010000000000000004,
    "86": 0.09819829744404417,
    "1": 0.7144622882513518,
    "92": 0.26287273202022826,
    "82": 0.4408353916200232,
    "89": 0.010000078058354796,
    "14": 0.7272022920336582,
    "38": 0.01,
    "12": 0.4535327171584548,
    "40": 0.01,
    "69": 0.4790065108499633,
    "85": 0.010000386971710701,
    "18": 0.08663042330953355,
    "16": 0.8064437119915433,
    "70": 0.452128101949872,
    "41": 0.01,
    "98": 0.010000533759631287,
    "60": 0.01,
    "78": 0.010006199933257177,
    "19": 0.3249289348664773,
    "45": 0.4681593686410796,
    "96": 0.6812389394289015,
    "93": 0.010000000000000007,
    "0": 0.5894898856196817,
    "17": 0.01,
    "71": 0.01,
    "36": 0.11182096097029139,
    "27": 0.8192274815862157,
    "54": 0.010000000001931833,
    "97": 0.6911625983600612,
    "94": 0.08542490310448327,
    "56": 0.6266330739401795,
    "31": 0.010081891107113413,
    "32": 0.01,
    "44": 0.06762649775761226,
    "64": 0.011169501854480901,
    "9": 0.8535642249012487,
    "73": 0.07783146471985931,
    "55": 0.01,
    "75": 0.03516902362384936,
    "124": 0.20693057919238225,
    "121": 0.028813952453894787,
    "117": 0.01,
    "122": 0.010000000000000002,
    "109": 0.834473710419616,
    "120": 0.01,
    "118": 0.01,
    "123": 0.010000000393615172,
    "106": 0.01,
    "119": 0.5735421197066106,
    "104": 0.32488772144943595,
    "113": 0.2537212085564137,
    "102": 0.7234057286366936,
    "158": 0.010000000002727731,
    "132": 0.1375564050717483,
    "135": 0.01019140772140174,
    "166": 0.010000000000002542,
    "151": 0.7114602514868837,
    "190": 0.7826653872950992,
    "154": 0.010000000000000002,
    "181": 0.30320097723301787,
    "153": 0.01000000005370405,
    "185": 0.010000022744339306,
    "107": 0.01,
    "175": 0.01105400343058364,
    "148": 0.6030079687247971,
    "168": 0.18365103323233298,
    "140": 0.01,
    "150": 0.4395382553043756,
    "143": 0.11118628807448529,
    "100": 0.010000000002559973,
    "125": 0.010000000000018225,
    "105": 0.05021472677358239,
    "147": 0.8443007825743719,
    "112": 0.01,
    "192": 0.10327763937928991,
    "133": 0.010000000000000002,
    "108": 0.01,
    "136": 0.010000000004017618,
    "177": 0.46801192242580913,
    "127": 0.6637785873464911,
    "111": 0.8901468204292862,
    "191": 0.010000000000000002,
    "180": 0.01,
    "162": 0.010000000029939154,
    "141": 0.010006560315870711,
    "101": 0.01923816412065533,
    "176": 0.01,
    "114": 0.865737371541158,
    "169": 0.010344358179408052,
    "161": 0.01,
    "174": 0.010000000000000002,
    "155": 0.09544840249483635,
    "172": 0.6086742200154884,
    "138": 0.01000000000000001,
    "142": 0.375824580917097,
    "137": 0.010285089074065758,
    "171": 0.12017796356839687,
    "157": 0.45423005117519,
    "163": 0.01,
    "159": 0.14886359527370516,
    "152": 0.22373644820428348,
    "170": 0.01,
    "115": 0.48763269687642186,
    "184": 0.7967314960647451,
    "116": 0.012866737676504546,
    "130": 0.8595940800972115,
    "129": 0.6491021077520075,
    "186": 0.012327597750636701,
    "165": 0.01,
    "173": 0.05387540201238813,
    "156": 0.01,
    "164": 0.010200662571123132,
    "202": 0.010000000000000004,
    "198": 0.010938970811525972,
    "194": 0.01255853248426633,
    "183": 0.09880880695161448,
    "160": 0.8311681748399249,
    "131": 0.01049488066898341,
    "201": 0.010000000000000002,
    "195": 0.010000000000000004,
    "144": 0.709400439304107,
    "203": 0.485193135864,
    "189": 0.027225724716644653,
    "196": 0.01,
    "110": 0.532921976026187,
    "145": 0.3181064884375304,
    "134": 0.36739890542561776,
    "178": 0.7997903906737361,
    "197": 0.09834946525948522,
    "149": 0.2576691803095878,
    "200": 0.430133085463256,
    "146": 0.0908959396958998,
    "193": 0.01,
    "188": 0.01538294998817449,
    "126": 0.01688272575280965,
    "167": 0.01,
    "128": 0.011892249064010657,
    "103": 0.010000000000000002,
    "139": 0.8313254900813241,
    "182": 0.8806334148371997,
    "187": 0.010004610350407872,
    "353": 0.010000027975823486,
    "328": 0.010000002992863188,
    "503": 0.8069667707338597,
    "296": 0.010005900779804894,
    "368": 0.2951435129073407,
    "248": 0.01000000000000034,
    "361": 0.010000000000000004,
    "247": 0.8862762087108337,
    "531": 0.01,
    "454": 0.5025377936736898,
    "385": 0.4104670867852144,
    "246": 0.01008627340848805,
    "483": 0.7838254146989452,
    "357": 0.519426501349018,
    "281": 0.022836661200098904,
    "308": 0.01,
    "613": 0.6560042377409755,
    "448": 0.01,
    "522": 0.12957399748425566,
    "421": 0.05988755555358113,
    "355": 0.014967841557959471,
    "588": 0.7411294914727764,
    "458": 0.21853330341920466,
    "469": 0.0257754453903453,
    "500": 0.01,
    "253": 0.7420328718491066,
    "321": 0.010000099933534306,
    "430": 0.2174004905167656,
    "450": 0.24986720141521626,
    "467": 0.012830845403272095,
    "317": 0.01,
    "554": 0.01,
    "243": 0.6419440731018327,
    "619": 0.01,
    "334": 0.01,
    "260": 0.06612667364170705,
    "428": 0.6684721327635343,
    "264": 0.07421714516081641,
    "346": 0.5909114393940232,
    "258": 0.01,
    "266": 0.4552407399495028,
    "336": 0.6558703669276615,
    "532": 0.01,
    "359": 0.8080688266782702,
    "272": 0.21838527130542323,
    "280": 0.01569328161942075,
    "444": 0.010639535145757011,
    "370": 0.011492258650766468,
    "351": 0.01,
    "456": 0.01000000000000593,
    "393": 0.7588561987972158,
    "576": 0.01,
    "589": 0.01,
    "389": 0.011328769842195753,
    "459": 0.010001834599443496,
    "488": 0.3867340574071194,
    "440": 0.010477271529032156,
    "502": 0.010000000000000004,
    "566": 0.05032905703829533,
    "379": 0.6977638974539491,
    "276": 0.010017249197449273,
    "398": 0.010000000000000002,
    "490": 0.03384739373108413,
    "516": 0.01,
    "306": 0.2695088136635385,
    "222": 0.016379944081518126,
    "538": 0.4711398808725695,
    "552": 0.010000000252010966,
    "486": 0.010004111971719246,
    "214": 0.2431649757025836,
    "553": 0.010000000000000004,
    "339": 0.010000027781880565,
    "381": 0.253830946315231,
    "327": 0.7477983345983901,