{
    "76": 0.09741090929443103,
    "58": 0.2527014899643987,
    "10": 0.1760824282379186,
    "26": 0.37620129465564534,
    "57": 0.13249304704240206,
    "3": 0.53861127856806,
    "81": 0.17684202598360255,
    "20": 0.3876670747942489,
    "33": 0.02997683892250778,
    "50": 0.2641287356961498,
    "4": 0.6792348869903095,
    "47": 0.24059401612969109,
    "61": 0.23019865500091394,
    "67": 0.052997031715232935,
    "88": 0.6665636880816177,
    "53": 0.053988277912463176,
    "42": 0.010000015557136557,
    "83": 0.6527216269229158,
    "34": 0.47376608996142927,
    "13": 0.5692726950914728,
    "43": 0.25433324282453756,
    "90": 0.5872299911650554,
    "22": 0.6111514299419916,
    "49": 0.2025076803152368,
    "11": 0.2515079286278664,
    "15": 0.2534819892099576,
    "62": 0.2467442131404614,
    "25": 0.39693108957313805,
    "65": 0.34546054534044524,
    "51": 0.5189573759390008,
    "84": 0.2929488980184515,
    "99": 0.6214825592210272,
    "37": 0.3881666898704726,
    "72": 0.029417906183565608,
    "46": 0.0745982427623468,
    "21": 0.04695880266533289,
    "2": 0.5180050753334363,
    "6": 0.6518109802829362,
    "79": 0.20465457372379164,
    "30": 0.010000020977220133,
    "63": 0.40694963192608596,
    "87": 0.41190816296552507,
    "28": 0.5471474986274463,
    "24": 0.5353364184158683,
    "95": 0.29929247279251914,
    "5": 0.048119042552957694,
    "35": 0.38064140632451693,
    "48": 0.12699360844787655,
    "39": 0.016729537023624334,
    "77": 0.12030392592699249,
    "74": 0.19750838709718738,
    "7": 0.33876899382678466,
    "8": 0.07823057276359299,
    "23": 0.0971425058155116,
    "66": 0.05059137247544029,
    "68": 0.44099538095114943,
    "29": 0.4426023951117885,
    "80": 0.35843582789302,
    "52": 0.10018285725329229,
    "91": 0.5348996060780188,
    "59": 0.10013986451707498,
    "86": 0.09819829744404417,
    "1": 0.3276464193906274,
    "92": 0.46299620966932764,
    "82": 0.30508600446304185,
    "89": 0.2952705919520348,
    "14": 0.4059171587986879,
    "38": 0.010065876091614481,
    "12": 0.5840884169023784,
    "40": 0.010140052074312244,
    "69": 0.5017713789824967,
    "85": 0.2118766454872808,
    "18": 0.5248954859460611,
    "16": 0.5233346046386718,
    "70": 0.45152480027249625,
    "41": 0.01691371017984682,
    "98": 0.14328480003986513,
    "60": 0.1685423531450281,
    "78": 0.010463754298068059,
    "19": 0.4528078132162653,
    "45": 0.5255906308850234,
    "96": 0.5991414286822818,
    "93": 0.12086449271746032,
    "0": 0.2662420610704234,
    "17": 0.02866458413664365,
    "71": 0.3512590253902214,
    "36": 0.24876667840483163,
    "27": 0.10368919913908678,
    "54": 0.21987970397962509,
    "97": 0.5787978562910182,
    "94": 0.03505984088719508,
    "56": 0.3346014244727207,
    "31": 0.1556169795773307,
    "32": 0.2368663904106816,
    "44": 0.5062079022717231,
    "64": 0.2984746790353989,
    "9": 0.5482242418219512,
    "73": 0.35286627800841847,
    "55": 0.010069666069163048,
    "75": 0.29214113833918604,
    "124": 0.5015873780491839,
    "121": 0.021468099665645765,
    "117": 0.2561076343943151,
    "122": 0.4044391638889163,
    "109": 0.4955816475670226,
    "120": 0.020530976850113437,
    "118": 0.03365396922851196,
    "123": 0.01056264088981436,
    "106": 0.1214664532056211,
    "119": 0.3011360561899735,
    "104": 0.6231009140342749,
    "113": 0.2182844749797703,
    "102": 0.4556369183528638,
    "158": 0.26339341607169725,
    "132": 0.524948009040336,
    "135": 0.5215060406082412,
    "166": 0.031824861784652526,
    "151": 0.09445168878924405,
    "190": 0.46943445570619663,
    "154": 0.03160214395208432,
    "181": 0.2596148103196876,
    "153": 0.10735702960712812,
    "185": 0.5035773238463728,
    "107": 0.01,
    "175": 0.257050839859618,
    "148": 0.3929710904482987,
    "168": 0.13543784033642514,
    "140": 0.010000115680372674,
    "150": 0.34266843436159833,
    "143": 0.6722481749445886,
    "100": 0.012812317764794296,
    "125": 0.4114178627140707,
    "105": 0.015185682705629243,
    "147": 0.3997702908821355,
    "112": 0.10936015837452785,
    "192": 0.23873670661327953,
    "133": 0.05332101817794837,
    "108": 0.453183262276585,
    "136": 0.2331203922954167,
    "177": 0.5021944061884742,
    "127": 0.2487752621921076,
    "111": 0.6867284659999687,
    "191": 0.3276653116097629,
    "180": 0.2573906027033114,
    "162": 0.029714297016644065,
    "141": 0.497880803412938,
    "101": 0.438976191505849,
    "176": 0.010045626849739189,
    "114": 0.38567785845704033,
    "169": 0.20437385726070817,
    "161": 0.010629600152506599,
    "174": 0.03144335754389194,
    "155": 0.1082962514112287,
    "172": 0.2942921017934086,
    "138": 0.31873272363632804,
    "142": 0.2787543151630879,
    "137": 0.5811400803713964,
    "171": 0.27958657997697073,
    "157": 0.22160408546841562,
    "163": 0.1919364384985758,
    "159": 0.029422576555375023,
    "152": 0.540300031061769,
    "170": 0.018788674914954683,
    "115": 0.1851018985081394,
    "184": 0.264316300204048,
    "116": 0.6343305078870027,
    "130": 0.5088749447233079,
    "129": 0.5165068727208557,
    "186": 0.10704480934310269,
    "165": 0.010000001292298,
    "173": 0.2787288844527761,
    "156": 0.4342102159818426,
    "164": 0.041361152624522515,
    "202": 0.17219246825270504,
    "198": 0.07469386575793457,
    "194": 0.011705467902227335,
    "183": 0.02324160854477155,
    "160": 0.6686160324450771,
    "131": 0.01000169300718323,
    "201": 0.379413646007733,
    "195": 0.010642267061547143,
    "144": 0.31968585960613005,
    "203": 0.07349024220150716,
    "189": 0.3695226050506025,
    "196": 0.02761137999045562,
    "110": 0.5317037209858723,
    "145": 0.44155513123697177,
    "134": 0.19141831833896028,
    "178": 0.5306983774360206,
    "197": 0.2889034397571821,
    "149": 0.34898012597853034,
    "200": 0.4446857327428427,
    "146": 0.20732748031491788,
    "193": 0.11876507353622481,
    "188": 0.010915787962193233,
    "126": 0.25004136315097125,
    "167": 0.2709102455020476,
    "128": 0.04534788831097717,
    "103": 0.34842878020093165,
    "139": 0.3167801260536778,
    "182": 0.4158010122744644,
    "187": 0.30195983416938305,
    "353": 0.055198998422620486,
    "328": 0.02521203515622924,
    "503": 0.03804645940016196,
    "296": 0.306216219333608,
    "368": 0.27728311184085674,
    "248": 0.22476846025241853,
    "361": 0.0343194252635641,
    "247": 0.13757667335043822,
    "531": 0.010499845789169673,
    "454": 0.39384353193000976,
    "385": 0.4724170644567795,
    "246": 0.014849422590385178,
    "483": 0.3995806228937994,
    "357": 0.34988234101296656,
    "281": 0.38306838710227586,
    "308": 0.3854179897766951,
    "613": 0.4461460393789136,
    "448": 0.014552660879832927,
    "522": 0.4762122481196812,
    "421": 0.3827599315117837,
    "355": 0.04318692085284489,
    "588": 0.20354065399113716,
    "458": 0.10687133957560682,
    "469": 0.03979309385122608,
    "500": 0.021552069913949288,
    "253": 0.2531550942318238,
    "321": 0.5574820376926327,
    "430": 0.4944823104859025,
    "450": 0.49270632066860925,
    "467": 0.11228853094488343,
    "317": 0.05488902385307385,
    "554": 0.01160890200349216,
    "243": 0.5226006215244065,
    "619": 0.11392584116305778,
    "334": 0.10216249903812301,
    "260": 0.4653631897985821,
    "428": 0.06746848912292193,
    "264": 0.2358738774042474,
    "346": 0.3850662448080978,
    "258": 0.010085468870073312,
    "266": 0.6038313253073101,
    "336": 0.6130443288090637,
    "532": 0.21863852248448246,
    "359": 0.5782598249738318,
    "272": 0.6661032679893901,
    "280": 0.010000106568507252,
    "444": 0.010533876626698684,
    "370": 0.02760255172680104,
    "351": 0.05671960629784763,
    "456": 0.2441154016064489,
    "393": 0.6235868713231931,
    "576": 0.017483696272433846,
    "589": 0.010296833062243611,
    "389": 0.6041111915897729,
    "459": 0.23980274362611487,